filename,basename,toolid,toolmode,parser_version,runid,start,duration,exit_code,findings,infos,errors,fails
/home/shuo/smartbugs-curated/full/reentrancy.0x93c32845fae42c83a70e5f06214c8433665c2ab5_sol_Log.hex,reentrancy.0x93c32845fae42c83a70e5f06214c8433665c2ab5_sol_Log.hex,eTainter,runtime,2/27/2023,20241111_2221,1731334907,1.304917573928833,0,DoS-With-Failed-Call,,{},{}
/home/shuo/smartbugs-curated/full/unchecked_low_level_calls.0x7a4349a749e59a5736efb7826ee3496a2dfd5489_sol_WhaleGiveaway1.hex,unchecked_low_level_calls.0x7a4349a749e59a5736efb7826ee3496a2dfd5489_sol_WhaleGiveaway1.hex,eTainter,runtime,2/27/2023,20241111_2221,1731334907,1.4187524318695068,0,DoS-With-Failed-Call,,{},{}
/home/shuo/smartbugs-curated/full/reentrancy.0xf015c35649c82f5467c9c74b7f28ee67665aad68_sol_Log.hex,reentrancy.0xf015c35649c82f5467c9c74b7f28ee67665aad68_sol_Log.hex,eTainter,runtime,2/27/2023,20241111_2221,1731334907,1.4536635875701904,0,DoS-With-Failed-Call,,{},{}
/home/shuo/smartbugs-curated/full/access_control.wallet_04_confused_sign_sol_Wallet.hex,access_control.wallet_04_confused_sign_sol_Wallet.hex,eTainter,runtime,2/27/2023,20241111_2221,1731334907,1.523254156112671,0,DoS-With-Failed-Call,,{},{}
/home/shuo/smartbugs-curated/full/unchecked_low_level_calls.0xb0510d68f210b7db66e8c7c814f22680f2b8d1d6_sol_Splitter.hex,unchecked_low_level_calls.0xb0510d68f210b7db66e8c7c814f22680f2b8d1d6_sol_Splitter.hex,eTainter,runtime,2/27/2023,20241111_2221,1731334907,1.5659229755401611,0,DoS-With-Failed-Call,,{},{}
/home/shuo/smartbugs-curated/full/reentrancy.0x4320e6f8c05b27ab4707cd1f6d5ce6f3e4b3a5a1_sol_ACCURAL_DEPOSIT.hex,reentrancy.0x4320e6f8c05b27ab4707cd1f6d5ce6f3e4b3a5a1_sol_ACCURAL_DEPOSIT.hex,eTainter,runtime,2/27/2023,20241111_2221,1731334908,0.6251382827758789,0,DoS-With-Failed-Call,,{},{}
/home/shuo/smartbugs-curated/full/unchecked_low_level_calls.0x958a8f594101d2c0485a52319f29b2647f2ebc06_sol_Owned.hex,unchecked_low_level_calls.0x958a8f594101d2c0485a52319f29b2647f2ebc06_sol_Owned.hex,eTainter,runtime,2/27/2023,20241111_2221,1731334907,1.6917688846588135,0,DoS-With-Failed-Call,,{},{}
/home/shuo/smartbugs-curated/full/access_control.multiowned_vulnerable_sol_TestContract.hex,access_control.multiowned_vulnerable_sol_TestContract.hex,eTainter,runtime,2/27/2023,20241111_2221,1731334908,0.7839639186859131,0,DoS-With-Failed-Call,,{},{}
/home/shuo/smartbugs-curated/full/unchecked_low_level_calls.0x19cf8481ea15427a98ba3cdd6d9e14690011ab10_sol_SafeMath.hex,unchecked_low_level_calls.0x19cf8481ea15427a98ba3cdd6d9e14690011ab10_sol_SafeMath.hex,eTainter,runtime,2/27/2023,20241111_2221,1731334908,0.9100747108459473,0,DoS-With-Failed-Call,,{},{}
/home/shuo/smartbugs-curated/full/access_control.multiowned_vulnerable_sol_MultiOwnable.hex,access_control.multiowned_vulnerable_sol_MultiOwnable.hex,eTainter,runtime,2/27/2023,20241111_2221,1731334908,0.9726440906524658,0,DoS-With-Failed-Call,,{},{}
/home/shuo/smartbugs-curated/full/reentrancy.reentrancy_dao_sol_ReentrancyDAO.hex,reentrancy.reentrancy_dao_sol_ReentrancyDAO.hex,eTainter,runtime,2/27/2023,20241111_2221,1731334908,1.0413846969604492,0,DoS-With-Failed-Call,,{},{}
/home/shuo/smartbugs-curated/full/front_running.eth_tx_order_dependence_minimal_sol_EthTxOrderDependenceMinimal.hex,front_running.eth_tx_order_dependence_minimal_sol_EthTxOrderDependenceMinimal.hex,eTainter,runtime,2/27/2023,20241111_2221,1731334908,1.1584093570709229,0,DoS-With-Failed-Call,,{},{}
/home/shuo/smartbugs-curated/full/unchecked_low_level_calls.0x3a0e9acd953ffc0dd18d63603488846a6b8b2b01_sol_Token.hex,unchecked_low_level_calls.0x3a0e9acd953ffc0dd18d63603488846a6b8b2b01_sol_Token.hex,eTainter,runtime,2/27/2023,20241111_2221,1731334908,1.176457166671753,0,DoS-With-Failed-Call,,{},{}
/home/shuo/smartbugs-curated/full/reentrancy.spank_chain_payment_sol_ECTools.hex,reentrancy.spank_chain_payment_sol_ECTools.hex,eTainter,runtime,2/27/2023,20241111_2221,1731334908,1.2249610424041748,0,DoS-With-Failed-Call,,{},{}
/home/shuo/smartbugs-curated/full/unchecked_low_level_calls.0xb37f18af15bafb869a065b61fc83cfc44ed9cc27_sol_SimpleWallet.hex,unchecked_low_level_calls.0xb37f18af15bafb869a065b61fc83cfc44ed9cc27_sol_SimpleWallet.hex,eTainter,runtime,2/27/2023,20241111_2221,1731334908,1.2307157516479492,0,DoS-With-Failed-Call,,{},{}
/home/shuo/smartbugs-curated/full/denial_of_service.dos_simple_sol_DosOneFunc.hex,denial_of_service.dos_simple_sol_DosOneFunc.hex,eTainter,runtime,2/27/2023,20241111_2221,1731334908,1.2621164321899414,0,DoS-With-Failed-Call,,{},{}
/home/shuo/smartbugs-curated/full/unchecked_low_level_calls.0xf70d589d76eebdd7c12cc5eec99f8f6fa4233b9e_sol_WhaleGiveaway2.hex,unchecked_low_level_calls.0xf70d589d76eebdd7c12cc5eec99f8f6fa4233b9e_sol_WhaleGiveaway2.hex,eTainter,runtime,2/27/2023,20241111_2221,1731334908,1.4069712162017822,0,DoS-With-Failed-Call,,{},{}
/home/shuo/smartbugs-curated/full/unchecked_low_level_calls.0x3a0e9acd953ffc0dd18d63603488846a6b8b2b01_sol_Ownable.hex,unchecked_low_level_calls.0x3a0e9acd953ffc0dd18d63603488846a6b8b2b01_sol_Ownable.hex,eTainter,runtime,2/27/2023,20241111_2221,1731334908,1.4337222576141357,0,DoS-With-Failed-Call,,{},{}
/home/shuo/smartbugs-curated/full/front_running.odds_and_evens_sol_OddsAndEvens.hex,front_running.odds_and_evens_sol_OddsAndEvens.hex,eTainter,runtime,2/27/2023,20241111_2221,1731334908,1.4505372047424316,0,DoS-With-Failed-Call,,{},{}
/home/shuo/smartbugs-curated/full/unchecked_low_level_calls.0xb7c5c5aa4d42967efe906e1b66cb8df9cebf04f7_sol_keepMyEther.hex,unchecked_low_level_calls.0xb7c5c5aa4d42967efe906e1b66cb8df9cebf04f7_sol_keepMyEther.hex,eTainter,runtime,2/27/2023,20241111_2221,1731334908,1.5504910945892334,0,DoS-With-Failed-Call,,{},{}
/home/shuo/smartbugs-curated/full/unchecked_low_level_calls.0x806a6bd219f162442d992bdc4ee6eba1f2c5a707_sol_Pie.hex,unchecked_low_level_calls.0x806a6bd219f162442d992bdc4ee6eba1f2c5a707_sol_Pie.hex,eTainter,runtime,2/27/2023,20241111_2221,1731334908,1.5739173889160156,0,DoS-With-Failed-Call,,{},{}
/home/shuo/smartbugs-curated/full/reentrancy.0xcead721ef5b11f1a7b530171aab69b16c5e66b6e_sol_WALLET.hex,reentrancy.0xcead721ef5b11f1a7b530171aab69b16c5e66b6e_sol_WALLET.hex,eTainter,runtime,2/27/2023,20241111_2221,1731334908,1.577613115310669,0,DoS-With-Failed-Call,,{},{}
/home/shuo/smartbugs-curated/full/reentrancy.0xbe4041d55db380c5ae9d4a9b9703f1ed4e7e3888_sol_Log.hex,reentrancy.0xbe4041d55db380c5ae9d4a9b9703f1ed4e7e3888_sol_Log.hex,eTainter,runtime,2/27/2023,20241111_2221,1731334908,1.5950839519500732,0,DoS-With-Failed-Call,,{},{}
/home/shuo/smartbugs-curated/full/access_control.parity_wallet_bug_1_sol_Wallet.hex,access_control.parity_wallet_bug_1_sol_Wallet.hex,eTainter,runtime,2/27/2023,20241111_2221,1731334908,1.6122233867645264,0,DoS-With-Failed-Call,,{},{}
/home/shuo/smartbugs-curated/full/reentrancy.0x627fa62ccbb1c1b04ffaecd72a53e37fc0e17839_sol_Ownable.hex,reentrancy.0x627fa62ccbb1c1b04ffaecd72a53e37fc0e17839_sol_Ownable.hex,eTainter,runtime,2/27/2023,20241111_2221,1731334908,1.7271485328674316,0,DoS-With-Failed-Call,,{},{}
/home/shuo/smartbugs-curated/full/time_manipulation.roulette_sol_Roulette.hex,time_manipulation.roulette_sol_Roulette.hex,eTainter,runtime,2/27/2023,20241111_2221,1731334909,0.7274610996246338,0,DoS-With-Failed-Call,,{},{}
/home/shuo/smartbugs-curated/full/reentrancy.0x7b368c4e805c3870b6c49a3f1f49f69af8662cf3_sol_Log.hex,reentrancy.0x7b368c4e805c3870b6c49a3f1f49f69af8662cf3_sol_Log.hex,eTainter,runtime,2/27/2023,20241111_2221,1731334908,1.7504184246063232,0,DoS-With-Failed-Call,,{},{}
/home/shuo/smartbugs-curated/full/unchecked_low_level_calls.lotto_sol_Lotto.hex,unchecked_low_level_calls.lotto_sol_Lotto.hex,eTainter,runtime,2/27/2023,20241111_2221,1731334909,0.7734818458557129,0,DoS-With-Failed-Call,,{},{}
/home/shuo/smartbugs-curated/full/reentrancy.0x4e73b32ed6c35f570686b89848e5f39f20ecc106_sol_LogFile.hex,reentrancy.0x4e73b32ed6c35f570686b89848e5f39f20ecc106_sol_LogFile.hex,eTainter,runtime,2/27/2023,20241111_2221,1731334909,0.8920125961303711,0,DoS-With-Failed-Call,,{},{}
/home/shuo/smartbugs-curated/full/arithmetic.BECToken_sol_PausableToken.hex,arithmetic.BECToken_sol_PausableToken.hex,eTainter,runtime,2/27/2023,20241111_2221,1731334908,1.9086134433746338,0,DoS-With-Failed-Call,,{},{}
/home/shuo/smartbugs-curated/full/unchecked_low_level_calls.0x19cf8481ea15427a98ba3cdd6d9e14690011ab10_sol_daoPOLSKAtokens.hex,unchecked_low_level_calls.0x19cf8481ea15427a98ba3cdd6d9e14690011ab10_sol_daoPOLSKAtokens.hex,eTainter,runtime,2/27/2023,20241111_2221,1731334907,2.91033935546875,0,DoS-With-Failed-Call,,{},{}
/home/shuo/smartbugs-curated/full/access_control.wallet_03_wrong_constructor_sol_Wallet.hex,access_control.wallet_03_wrong_constructor_sol_Wallet.hex,eTainter,runtime,2/27/2023,20241111_2221,1731334909,1.390742301940918,0,DoS-With-Failed-Call,,{},{}
/home/shuo/smartbugs-curated/full/time_manipulation.governmental_survey_sol_Governmental.hex,time_manipulation.governmental_survey_sol_Governmental.hex,eTainter,runtime,2/27/2023,20241111_2221,1731334909,1.6687257289886475,0,DoS-With-Failed-Call,,{},{}
/home/shuo/smartbugs-curated/full/reentrancy.0xaae1f51cf3339f18b6d3f3bdc75a5facd744b0b8_sol_DEP_BANK.hex,reentrancy.0xaae1f51cf3339f18b6d3f3bdc75a5facd744b0b8_sol_DEP_BANK.hex,eTainter,runtime,2/27/2023,20241111_2221,1731334909,1.7044193744659424,0,DoS-With-Failed-Call,,{},{}
/home/shuo/smartbugs-curated/full/unchecked_low_level_calls.0xb620cee6b52f96f3c6b253e6eea556aa2d214a99_sol_DrainMe.hex,unchecked_low_level_calls.0xb620cee6b52f96f3c6b253e6eea556aa2d214a99_sol_DrainMe.hex,eTainter,runtime,2/27/2023,20241111_2221,1731334909,1.8441624641418457,0,DoS-With-Failed-Call,,{},{}
/home/shuo/smartbugs-curated/full/unchecked_low_level_calls.0x39cfd754c85023648bf003bea2dd498c5612abfa_sol_Token.hex,unchecked_low_level_calls.0x39cfd754c85023648bf003bea2dd498c5612abfa_sol_Token.hex,eTainter,runtime,2/27/2023,20241111_2221,1731334910,0.9359922409057617,0,DoS-With-Failed-Call,,{},{}
/home/shuo/smartbugs-curated/full/arithmetic.integer_overflow_add_sol_IntegerOverflowAdd.hex,arithmetic.integer_overflow_add_sol_IntegerOverflowAdd.hex,eTainter,runtime,2/27/2023,20241111_2221,1731334910,1.0686898231506348,0,DoS-With-Failed-Call,,{},{}
/home/shuo/smartbugs-curated/full/unchecked_low_level_calls.0xe4eabdca81e31d9acbc4af76b30f532b6ed7f3bf_sol_Honey.hex,unchecked_low_level_calls.0xe4eabdca81e31d9acbc4af76b30f532b6ed7f3bf_sol_Honey.hex,eTainter,runtime,2/27/2023,20241111_2221,1731334910,1.1081833839416504,0,DoS-With-Failed-Call,,{},{}
/home/shuo/smartbugs-curated/full/unchecked_low_level_calls.0x663e4229142a27f00bafb5d087e1e730648314c3_sol_PandaBase.hex,unchecked_low_level_calls.0x663e4229142a27f00bafb5d087e1e730648314c3_sol_PandaBase.hex,eTainter,runtime,2/27/2023,20241111_2221,1731334910,1.1638107299804688,0,DoS-With-Failed-Call,,{},{}
/home/shuo/smartbugs-curated/full/unchecked_low_level_calls.0x627fa62ccbb1c1b04ffaecd72a53e37fc0e17839_sol_TokenBank.hex,unchecked_low_level_calls.0x627fa62ccbb1c1b04ffaecd72a53e37fc0e17839_sol_TokenBank.hex,eTainter,runtime,2/27/2023,20241111_2221,1731334910,1.1654472351074219,0,DoS-With-Failed-Call,,{},{}
/home/shuo/smartbugs-curated/full/short_addresses.short_address_example_sol_MyToken.hex,short_addresses.short_address_example_sol_MyToken.hex,eTainter,runtime,2/27/2023,20241111_2221,1731334910,1.2516810894012451,0,DoS-With-Failed-Call,,{},{}
/home/shuo/smartbugs-curated/full/bad_randomness.lottery_sol_Lottery.hex,bad_randomness.lottery_sol_Lottery.hex,eTainter,runtime,2/27/2023,20241111_2221,1731334910,1.3360097408294678,0,DoS-With-Failed-Call,,{},{}
/home/shuo/smartbugs-curated/full/unchecked_low_level_calls.unchecked_return_value_sol_ReturnValue.hex,unchecked_low_level_calls.unchecked_return_value_sol_ReturnValue.hex,eTainter,runtime,2/27/2023,20241111_2221,1731334910,1.5686919689178467,0,DoS-With-Failed-Call,,{},{}
/home/shuo/smartbugs-curated/full/reentrancy.0x561eac93c92360949ab1f1403323e6db345cbf31_sol_BANK_SAFE.hex,reentrancy.0x561eac93c92360949ab1f1403323e6db345cbf31_sol_BANK_SAFE.hex,eTainter,runtime,2/27/2023,20241111_2221,1731334910,1.7022409439086914,0,DoS-With-Failed-Call,,{},{}
/home/shuo/smartbugs-curated/full/access_control.proxy_sol_Proxy.hex,access_control.proxy_sol_Proxy.hex,eTainter,runtime,2/27/2023,20241111_2221,1731334911,0.7356061935424805,0,DoS-With-Failed-Call,,{},{}
/home/shuo/smartbugs-curated/full/unchecked_low_level_calls.mishandled_sol_SendBack.hex,unchecked_low_level_calls.mishandled_sol_SendBack.hex,eTainter,runtime,2/27/2023,20241111_2221,1731334911,0.8469581604003906,0,DoS-With-Failed-Call,,{},{}
/home/shuo/smartbugs-curated/full/front_running.ERC20_sol_SafeMath.hex,front_running.ERC20_sol_SafeMath.hex,eTainter,runtime,2/27/2023,20241111_2221,1731334911,0.9257292747497559,0,DoS-With-Failed-Call,,{},{}
/home/shuo/smartbugs-curated/full/unchecked_low_level_calls.0x39cfd754c85023648bf003bea2dd498c5612abfa_sol_Ownable.hex,unchecked_low_level_calls.0x39cfd754c85023648bf003bea2dd498c5612abfa_sol_Ownable.hex,eTainter,runtime,2/27/2023,20241111_2221,1731334911,0.9473669528961182,0,DoS-With-Failed-Call,,{},{}
/home/shuo/smartbugs-curated/full/bad_randomness.smart_billions_sol_SafeMath.hex,bad_randomness.smart_billions_sol_SafeMath.hex,eTainter,runtime,2/27/2023,20241111_2221,1731334911,0.978534460067749,0,DoS-With-Failed-Call,,{},{}
/home/shuo/smartbugs-curated/full/unchecked_low_level_calls.0x663e4229142a27f00bafb5d087e1e730648314c3_sol_SaleClockAuctionERC20.hex,unchecked_low_level_calls.0x663e4229142a27f00bafb5d087e1e730648314c3_sol_SaleClockAuctionERC20.hex,eTainter,runtime,2/27/2023,20241111_2221,1731334909,3.0138704776763916,0,DoS-With-Failed-Call,,{},{}
/home/shuo/smartbugs-curated/full/reentrancy.0x8c7777c45481dba411450c228cb692ac3d550344_sol_Log.hex,reentrancy.0x8c7777c45481dba411450c228cb692ac3d550344_sol_Log.hex,eTainter,runtime,2/27/2023,20241111_2221,1731334911,1.0931756496429443,0,DoS-With-Failed-Call,,{},{}
/home/shuo/smartbugs-curated/full/bad_randomness.lucky_doubler_sol_LuckyDoubler.hex,bad_randomness.lucky_doubler_sol_LuckyDoubler.hex,eTainter,runtime,2/27/2023,20241111_2221,1731334910,2.0984530448913574,0,DoS-With-Failed-Call,,{},{}
/home/shuo/smartbugs-curated/full/unchecked_low_level_calls.0x663e4229142a27f00bafb5d087e1e730648314c3_sol_PandaAccessControl.hex,unchecked_low_level_calls.0x663e4229142a27f00bafb5d087e1e730648314c3_sol_PandaAccessControl.hex,eTainter,runtime,2/27/2023,20241111_2221,1731334911,1.1253314018249512,0,DoS-With-Failed-Call,,{},{}
/home/shuo/smartbugs-curated/full/unchecked_low_level_calls.0x84d9ec85c9c568eb332b7226a8f826d897e0a4a8_sol_Owned.hex,unchecked_low_level_calls.0x84d9ec85c9c568eb332b7226a8f826d897e0a4a8_sol_Owned.hex,eTainter,runtime,2/27/2023,20241111_2221,1731334911,1.1510913372039795,0,DoS-With-Failed-Call,,{},{}
/home/shuo/smartbugs-curated/full/unchecked_low_level_calls.0x84d9ec85c9c568eb332b7226a8f826d897e0a4a8_sol_WedIndex.hex,unchecked_low_level_calls.0x84d9ec85c9c568eb332b7226a8f826d897e0a4a8_sol_WedIndex.hex,eTainter,runtime,2/27/2023,20241111_2221,1731334911,1.2098946571350098,0,DoS-With-Failed-Call,,{},{}
/home/shuo/smartbugs-curated/full/bad_randomness.old_blockhash_sol_PredictTheBlockHashChallenge.hex,bad_randomness.old_blockhash_sol_PredictTheBlockHashChallenge.hex,eTainter,runtime,2/27/2023,20241111_2221,1731334911,1.230783462524414,0,DoS-With-Failed-Call,,{},{}
/home/shuo/smartbugs-curated/full/other.crypto_roulette_sol_CryptoRoulette.hex,other.crypto_roulette_sol_CryptoRoulette.hex,eTainter,runtime,2/27/2023,20241111_2221,1731334911,1.234935998916626,0,DoS-With-Failed-Call,,{},{}
/home/shuo/smartbugs-curated/full/unchecked_low_level_calls.0x524960d55174d912768678d8c606b4d50b79d7b1_sol_Centra4.hex,unchecked_low_level_calls.0x524960d55174d912768678d8c606b4d50b79d7b1_sol_Centra4.hex,eTainter,runtime,2/27/2023,20241111_2221,1731334911,1.2565882205963135,0,DoS-With-Failed-Call,,{},{}
/home/shuo/smartbugs-curated/full/arithmetic.overflow_single_tx_sol_IntegerOverflowSingleTransaction.hex,arithmetic.overflow_single_tx_sol_IntegerOverflowSingleTransaction.hex,eTainter,runtime,2/27/2023,20241111_2221,1731334911,1.310340166091919,0,DoS-With-Failed-Call,,{},{}
/home/shuo/smartbugs-curated/full/other.open_address_lottery_sol_OpenAddressLottery.hex,other.open_address_lottery_sol_OpenAddressLottery.hex,eTainter,runtime,2/27/2023,20241111_2221,1731334911,1.3587663173675537,0,DoS-With-Failed-Call,,{},{}
/home/shuo/smartbugs-curated/full/unchecked_low_level_calls.0x89c1b3807d4c67df034fffb62f3509561218d30b_sol_TownCrier.hex,unchecked_low_level_calls.0x89c1b3807d4c67df034fffb62f3509561218d30b_sol_TownCrier.hex,eTainter,runtime,2/27/2023,20241111_2221,1731334911,1.4020192623138428,0,DoS-With-Failed-Call,,{},{}
/home/shuo/smartbugs-curated/full/unchecked_low_level_calls.0xb11b2fed6c9354f7aa2f658d3b4d7b31d8a13b77_sol_DepositProxy.hex,unchecked_low_level_calls.0xb11b2fed6c9354f7aa2f658d3b4d7b31d8a13b77_sol_DepositProxy.hex,eTainter,runtime,2/27/2023,20241111_2221,1731334911,1.4406673908233643,0,DoS-With-Failed-Call,,{},{}
/home/shuo/smartbugs-curated/full/time_manipulation.ether_lotto_sol_EtherLotto.hex,time_manipulation.ether_lotto_sol_EtherLotto.hex,eTainter,runtime,2/27/2023,20241111_2221,1731334911,1.4755661487579346,0,DoS-With-Failed-Call,,{},{}
/home/shuo/smartbugs-curated/full/reentrancy.0x7541b76cb60f4c60af330c208b0623b7f54bf615_sol_U_BANK.hex,reentrancy.0x7541b76cb60f4c60af330c208b0623b7f54bf615_sol_U_BANK.hex,eTainter,runtime,2/27/2023,20241111_2221,1731334911,1.5144767761230469,0,DoS-With-Failed-Call,,{},{}
/home/shuo/smartbugs-curated/full/arithmetic.BECToken_sol_Ownable.hex,arithmetic.BECToken_sol_Ownable.hex,eTainter,runtime,2/27/2023,20241111_2221,1731334912,0.9524314403533936,0,DoS-With-Failed-Call,,{},{}
/home/shuo/smartbugs-curated/full/unchecked_low_level_calls.0x663e4229142a27f00bafb5d087e1e730648314c3_sol_SiringClockAuction.hex,unchecked_low_level_calls.0x663e4229142a27f00bafb5d087e1e730648314c3_sol_SiringClockAuction.hex,eTainter,runtime,2/27/2023,20241111_2221,1731334911,1.9719772338867188,0,DoS-With-Failed-Call,,{},{}
/home/shuo/smartbugs-curated/full/reentrancy.0x7a8721a9d64c74da899424c1b52acbf58ddc9782_sol_PrivateDeposit.hex,reentrancy.0x7a8721a9d64c74da899424c1b52acbf58ddc9782_sol_PrivateDeposit.hex,eTainter,runtime,2/27/2023,20241111_2221,1731334912,1.0151679515838623,0,DoS-With-Failed-Call,,{},{}
/home/shuo/smartbugs-curated/full/reentrancy.0x7a8721a9d64c74da899424c1b52acbf58ddc9782_sol_Log.hex,reentrancy.0x7a8721a9d64c74da899424c1b52acbf58ddc9782_sol_Log.hex,eTainter,runtime,2/27/2023,20241111_2221,1731334912,1.050095796585083,0,DoS-With-Failed-Call,,{},{}
/home/shuo/smartbugs-curated/full/unchecked_low_level_calls.0x52d2e0f9b01101a59b38a3d05c80b7618aeed984_sol_EtherGet.hex,unchecked_low_level_calls.0x52d2e0f9b01101a59b38a3d05c80b7618aeed984_sol_EtherGet.hex,eTainter,runtime,2/27/2023,20241111_2221,1731334912,1.2520220279693604,0,DoS-With-Failed-Call,,{},{}
/home/shuo/smartbugs-curated/full/reentrancy.0x941d225236464a25eb18076df7da6a91d0f95e9e_sol_Log.hex,reentrancy.0x941d225236464a25eb18076df7da6a91d0f95e9e_sol_Log.hex,eTainter,runtime,2/27/2023,20241111_2221,1731334912,1.3881018161773682,0,DoS-With-Failed-Call,,{},{}
/home/shuo/smartbugs-curated/full/unchecked_low_level_calls.0x663e4229142a27f00bafb5d087e1e730648314c3_sol_Ownable.hex,unchecked_low_level_calls.0x663e4229142a27f00bafb5d087e1e730648314c3_sol_Ownable.hex,eTainter,runtime,2/27/2023,20241111_2221,1731334912,1.4367320537567139,0,DoS-With-Failed-Call,,{},{}
/home/shuo/smartbugs-curated/full/reentrancy.0x627fa62ccbb1c1b04ffaecd72a53e37fc0e17839_sol_Token.hex,reentrancy.0x627fa62ccbb1c1b04ffaecd72a53e37fc0e17839_sol_Token.hex,eTainter,runtime,2/27/2023,20241111_2221,1731334912,1.4792571067810059,0,DoS-With-Failed-Call,,{},{}
/home/shuo/smartbugs-curated/full/arithmetic.overflow_simple_add_sol_Overflow_Add.hex,arithmetic.overflow_simple_add_sol_Overflow_Add.hex,eTainter,runtime,2/27/2023,20241111_2221,1731334912,1.5597736835479736,0,DoS-With-Failed-Call,,{},{}
/home/shuo/smartbugs-curated/full/reentrancy.0x627fa62ccbb1c1b04ffaecd72a53e37fc0e17839_sol_TokenBank.hex,reentrancy.0x627fa62ccbb1c1b04ffaecd72a53e37fc0e17839_sol_TokenBank.hex,eTainter,runtime,2/27/2023,20241111_2221,1731334913,0.6237523555755615,0,DoS-With-Failed-Call,,{},{}
/home/shuo/smartbugs-curated/full/other.name_registrar_sol_NameRegistrar.hex,other.name_registrar_sol_NameRegistrar.hex,eTainter,runtime,2/27/2023,20241111_2221,1731334913,0.6360464096069336,0,DoS-With-Failed-Call,,{},{}
/home/shuo/smartbugs-curated/full/reentrancy.modifier_reentrancy_sol_attack.hex,reentrancy.modifier_reentrancy_sol_attack.hex,eTainter,runtime,2/27/2023,20241111_2221,1731334913,0.837921142578125,0,DoS-With-Failed-Call,,{},{}
/home/shuo/smartbugs-curated/full/reentrancy.etherstore_sol_EtherStore.hex,reentrancy.etherstore_sol_EtherStore.hex,eTainter,runtime,2/27/2023,20241111_2221,1731334913,0.9189727306365967,0,DoS-With-Failed-Call,,{},{}
/home/shuo/smartbugs-curated/full/reentrancy.0x561eac93c92360949ab1f1403323e6db345cbf31_sol_LogFile.hex,reentrancy.0x561eac93c92360949ab1f1403323e6db345cbf31_sol_LogFile.hex,eTainter,runtime,2/27/2023,20241111_2221,1731334913,0.9745807647705078,0,DoS-With-Failed-Call,,{},{}
/home/shuo/smartbugs-curated/full/unchecked_low_level_calls.0x7d09edb07d23acb532a82be3da5c17d9d85806b4_sol_PoCGame.hex,unchecked_low_level_calls.0x7d09edb07d23acb532a82be3da5c17d9d85806b4_sol_PoCGame.hex,eTainter,runtime,2/27/2023,20241111_2221,1731334913,1.2303972244262695,0,DoS-With-Failed-Call,,{},{}
/home/shuo/smartbugs-curated/full/time_manipulation.lottopollo_sol_lottopollo.hex,time_manipulation.lottopollo_sol_lottopollo.hex,eTainter,runtime,2/27/2023,20241111_2221,1731334913,1.2365567684173584,0,DoS-With-Failed-Call,,{},{}
/home/shuo/smartbugs-curated/full/arithmetic.token_sol_Token.hex,arithmetic.token_sol_Token.hex,eTainter,runtime,2/27/2023,20241111_2221,1731334913,1.3067576885223389,0,DoS-With-Failed-Call,,{},{}
/home/shuo/smartbugs-curated/full/unchecked_low_level_calls.0xe09b1ab8111c2729a76f16de96bc86a7af837928_sol_FiftyFlip.hex,unchecked_low_level_calls.0xe09b1ab8111c2729a76f16de96bc86a7af837928_sol_FiftyFlip.hex,eTainter,runtime,2/27/2023,20241111_2221,1731334913,1.335932731628418,0,DoS-With-Failed-Call,,{},{}
/home/shuo/smartbugs-curated/full/access_control.mycontract_sol_MyContract.hex,access_control.mycontract_sol_MyContract.hex,eTainter,runtime,2/27/2023,20241111_2221,1731334913,1.4828062057495117,0,DoS-With-Failed-Call,,{},{}
/home/shuo/smartbugs-curated/full/unchecked_low_level_calls.0xb11b2fed6c9354f7aa2f658d3b4d7b31d8a13b77_sol_Proxy.hex,unchecked_low_level_calls.0xb11b2fed6c9354f7aa2f658d3b4d7b31d8a13b77_sol_Proxy.hex,eTainter,runtime,2/27/2023,20241111_2221,1731334913,1.487701654434204,0,DoS-With-Failed-Call,,{},{}
/home/shuo/smartbugs-curated/full/reentrancy.0x941d225236464a25eb18076df7da6a91d0f95e9e_sol_ETH_FUND.hex,reentrancy.0x941d225236464a25eb18076df7da6a91d0f95e9e_sol_ETH_FUND.hex,eTainter,runtime,2/27/2023,20241111_2221,1731334913,1.5653526782989502,0,DoS-With-Failed-Call,,{},{}
/home/shuo/smartbugs-curated/full/unchecked_low_level_calls.0xa1fceeff3acc57d257b917e30c4df661401d6431_sol_AirDropContract.hex,unchecked_low_level_calls.0xa1fceeff3acc57d257b917e30c4df661401d6431_sol_AirDropContract.hex,eTainter,runtime,2/27/2023,20241111_2221,1731334913,1.5971629619598389,0,DoS-With-Failed-Call,,{},{}
/home/shuo/smartbugs-curated/full/unchecked_low_level_calls.0x8fd1e427396ddb511533cf9abdbebd0a7e08da35_sol_TokenBank.hex,unchecked_low_level_calls.0x8fd1e427396ddb511533cf9abdbebd0a7e08da35_sol_TokenBank.hex,eTainter,runtime,2/27/2023,20241111_2221,1731334913,1.673537254333496,0,DoS-With-Failed-Call,,{},{}
/home/shuo/smartbugs-curated/full/reentrancy.0xb5e1b1ee15c6fa0e48fce100125569d430f1bd12_sol_Log.hex,reentrancy.0xb5e1b1ee15c6fa0e48fce100125569d430f1bd12_sol_Log.hex,eTainter,runtime,2/27/2023,20241111_2221,1731334914,0.8667027950286865,0,DoS-With-Failed-Call,,{},{}
/home/shuo/smartbugs-curated/full/reentrancy.0x93c32845fae42c83a70e5f06214c8433665c2ab5_sol_X_WALLET.hex,reentrancy.0x93c32845fae42c83a70e5f06214c8433665c2ab5_sol_X_WALLET.hex,eTainter,runtime,2/27/2023,20241111_2221,1731334913,1.8933131694793701,0,DoS-With-Failed-Call,,{},{}
/home/shuo/smartbugs-curated/full/unchecked_low_level_calls.0xec329ffc97d75fe03428ae155fc7793431487f63_sol_Owned.hex,unchecked_low_level_calls.0xec329ffc97d75fe03428ae155fc7793431487f63_sol_Owned.hex,eTainter,runtime,2/27/2023,20241111_2221,1731334914,0.9234902858734131,0,DoS-With-Failed-Call,,{},{}
/home/shuo/smartbugs-curated/full/unchecked_low_level_calls.0x5aa88d2901c68fda244f1d0584400368d2c8e739_sol_MultiplicatorX3.hex,unchecked_low_level_calls.0x5aa88d2901c68fda244f1d0584400368d2c8e739_sol_MultiplicatorX3.hex,eTainter,runtime,2/27/2023,20241111_2221,1731334914,0.9326572418212891,0,DoS-With-Failed-Call,,{},{}
/home/shuo/smartbugs-curated/full/unchecked_low_level_calls.0x39cfd754c85023648bf003bea2dd498c5612abfa_sol_TokenBank.hex,unchecked_low_level_calls.0x39cfd754c85023648bf003bea2dd498c5612abfa_sol_TokenBank.hex,eTainter,runtime,2/27/2023,20241111_2221,1731334914,0.9674825668334961,0,DoS-With-Failed-Call,,{},{}
/home/shuo/smartbugs-curated/full/reentrancy.0xb93430ce38ac4a6bb47fb1fc085ea669353fd89e_sol_PrivateBank.hex,reentrancy.0xb93430ce38ac4a6bb47fb1fc085ea669353fd89e_sol_PrivateBank.hex,eTainter,runtime,2/27/2023,20241111_2221,1731334914,1.0576789379119873,0,DoS-With-Failed-Call,,{},{}
/home/shuo/smartbugs-curated/full/time_manipulation.governmental_survey_sol_Attacker.hex,time_manipulation.governmental_survey_sol_Attacker.hex,eTainter,runtime,2/27/2023,20241111_2221,1731334914,1.1081113815307617,0,DoS-With-Failed-Call,,{},{}
/home/shuo/smartbugs-curated/full/access_control.parity_wallet_bug_2_sol_WalletEvents.hex,access_control.parity_wallet_bug_2_sol_WalletEvents.hex,eTainter,runtime,2/27/2023,20241111_2221,1731334914,1.1189846992492676,0,DoS-With-Failed-Call,,{},{}
/home/shuo/smartbugs-curated/full/unchecked_low_level_calls.king_of_the_ether_throne_sol_KingOfTheEtherThrone.hex,unchecked_low_level_calls.king_of_the_ether_throne_sol_KingOfTheEtherThrone.hex,eTainter,runtime,2/27/2023,20241111_2221,1731334914,1.1250905990600586,0,DoS-With-Failed-Call,,{},{}
/home/shuo/smartbugs-curated/full/arithmetic.BECToken_sol_SafeMath.hex,arithmetic.BECToken_sol_SafeMath.hex,eTainter,runtime,2/27/2023,20241111_2221,1731334914,1.1469755172729492,0,DoS-With-Failed-Call,,{},{}
/home/shuo/smartbugs-curated/full/unchecked_low_level_calls.0xb0510d68f210b7db66e8c7c814f22680f2b8d1d6_sol_Puppet.hex,unchecked_low_level_calls.0xb0510d68f210b7db66e8c7c814f22680f2b8d1d6_sol_Puppet.hex,eTainter,runtime,2/27/2023,20241111_2221,1731334914,1.1475248336791992,0,DoS-With-Failed-Call,,{},{}
/home/shuo/smartbugs-curated/full/unchecked_low_level_calls.0x78c2a1e91b52bca4130b6ed9edd9fbcfd4671c37_sol_WhaleGiveaway1.hex,unchecked_low_level_calls.0x78c2a1e91b52bca4130b6ed9edd9fbcfd4671c37_sol_WhaleGiveaway1.hex,eTainter,runtime,2/27/2023,20241111_2221,1731334914,1.1494853496551514,0,DoS-With-Failed-Call,,{},{}
/home/shuo/smartbugs-curated/full/reentrancy.modifier_reentrancy_sol_Bank.hex,reentrancy.modifier_reentrancy_sol_Bank.hex,eTainter,runtime,2/27/2023,20241111_2221,1731334914,1.1944313049316406,0,DoS-With-Failed-Call,,{},{}
/home/shuo/smartbugs-curated/full/front_running.ERC20_sol_ERC20.hex,front_running.ERC20_sol_ERC20.hex,eTainter,runtime,2/27/2023,20241111_2221,1731334914,1.36016845703125,0,DoS-With-Failed-Call,,{},{}
/home/shuo/smartbugs-curated/full/arithmetic.integer_overflow_minimal_sol_IntegerOverflowMinimal.hex,arithmetic.integer_overflow_minimal_sol_IntegerOverflowMinimal.hex,eTainter,runtime,2/27/2023,20241111_2221,1731334914,1.3700835704803467,0,DoS-With-Failed-Call,,{},{}
/home/shuo/smartbugs-curated/full/bad_randomness.etheraffle_sol_Ethraffle_v4b.hex,bad_randomness.etheraffle_sol_Ethraffle_v4b.hex,eTainter,runtime,2/27/2023,20241111_2221,1731334914,1.4537169933319092,0,DoS-With-Failed-Call,"[0, 13, 65, 76, 87, 98, 109, 120, 131, 142, 153, 164, 175, 580, 592, 2241, 2329, 2360, 2370, 2402, 2681, 2703]",{},{}
/home/shuo/smartbugs-curated/full/reentrancy.0x23a91059fdc9579a9fbd0edc5f2ea0bfdb70deb4_sol_Log.hex,reentrancy.0x23a91059fdc9579a9fbd0edc5f2ea0bfdb70deb4_sol_Log.hex,eTainter,runtime,2/27/2023,20241111_2221,1731334915,0.9630527496337891,0,DoS-With-Failed-Call,,{},{}
/home/shuo/smartbugs-curated/full/reentrancy.spank_chain_payment_sol_HumanStandardToken.hex,reentrancy.spank_chain_payment_sol_HumanStandardToken.hex,eTainter,runtime,2/27/2023,20241111_2221,1731334915,0.9741337299346924,0,DoS-With-Failed-Call,,{},{}
/home/shuo/smartbugs-curated/full/unchecked_low_level_calls.0x958a8f594101d2c0485a52319f29b2647f2ebc06_sol_Marriage.hex,unchecked_low_level_calls.0x958a8f594101d2c0485a52319f29b2647f2ebc06_sol_Marriage.hex,eTainter,runtime,2/27/2023,20241111_2221,1731334913,3.0088462829589844,0,DoS-With-Failed-Call,,{},{}
/home/shuo/smartbugs-curated/full/reentrancy.0x7541b76cb60f4c60af330c208b0623b7f54bf615_sol_Log.hex,reentrancy.0x7541b76cb60f4c60af330c208b0623b7f54bf615_sol_Log.hex,eTainter,runtime,2/27/2023,20241111_2221,1731334915,1.0545904636383057,0,DoS-With-Failed-Call,,{},{}
/home/shuo/smartbugs-curated/full/access_control.incorrect_constructor_name3_sol_Missing.hex,access_control.incorrect_constructor_name3_sol_Missing.hex,eTainter,runtime,2/27/2023,20241111_2221,1731334915,1.0679619312286377,0,DoS-With-Failed-Call,,{},{}
/home/shuo/smartbugs-curated/full/unchecked_low_level_calls.0xec329ffc97d75fe03428ae155fc7793431487f63_sol_TokenSender.hex,unchecked_low_level_calls.0xec329ffc97d75fe03428ae155fc7793431487f63_sol_TokenSender.hex,eTainter,runtime,2/27/2023,20241111_2221,1731334910,6.119594097137451,0,DoS-With-Failed-Call,,{},{}
/home/shuo/smartbugs-curated/full/unchecked_low_level_calls.0xd5967fed03e85d1cce44cab284695b41bc675b5c_sol_demo.hex,unchecked_low_level_calls.0xd5967fed03e85d1cce44cab284695b41bc675b5c_sol_demo.hex,eTainter,runtime,2/27/2023,20241111_2221,1731334915,1.1803693771362305,0,DoS-With-Failed-Call,,{},{}
/home/shuo/smartbugs-curated/full/unchecked_low_level_calls.0xbebbfe5b549f5db6e6c78ca97cac19d1fb03082c_sol_VaultProxy.hex,unchecked_low_level_calls.0xbebbfe5b549f5db6e6c78ca97cac19d1fb03082c_sol_VaultProxy.hex,eTainter,runtime,2/27/2023,20241111_2221,1731334915,1.2083394527435303,0,DoS-With-Failed-Call,,{},{}
/home/shuo/smartbugs-curated/full/unchecked_low_level_calls.0x4a66ad0bca2d700f11e1f2fc2c106f7d3264504c_sol_EBU.hex,unchecked_low_level_calls.0x4a66ad0bca2d700f11e1f2fc2c106f7d3264504c_sol_EBU.hex,eTainter,runtime,2/27/2023,20241111_2221,1731334915,1.2307937145233154,0,DoS-With-Failed-Call,,{},{}
/home/shuo/smartbugs-curated/full/access_control.FibonacciBalance_sol_FibonacciBalance.hex,access_control.FibonacciBalance_sol_FibonacciBalance.hex,eTainter,runtime,2/27/2023,20241111_2221,1731334915,1.2460167407989502,0,DoS-With-Failed-Call,,{},{}
/home/shuo/smartbugs-curated/full/unchecked_low_level_calls.0xa46edd6a9a93feec36576ee5048146870ea2c3ae_sol_EBU.hex,unchecked_low_level_calls.0xa46edd6a9a93feec36576ee5048146870ea2c3ae_sol_EBU.hex,eTainter,runtime,2/27/2023,20241111_2221,1731334915,1.2958624362945557,0,DoS-With-Failed-Call,,{},{}
/home/shuo/smartbugs-curated/full/unchecked_low_level_calls.0x663e4229142a27f00bafb5d087e1e730648314c3_sol_ClockAuction.hex,unchecked_low_level_calls.0x663e4229142a27f00bafb5d087e1e730648314c3_sol_ClockAuction.hex,eTainter,runtime,2/27/2023,20241111_2221,1731334915,1.3915605545043945,0,DoS-With-Failed-Call,,{},{}
/home/shuo/smartbugs-curated/full/time_manipulation.timed_crowdsale_sol_TimedCrowdsale.hex,time_manipulation.timed_crowdsale_sol_TimedCrowdsale.hex,eTainter,runtime,2/27/2023,20241111_2221,1731334915,1.4977977275848389,0,DoS-With-Failed-Call,,{},{}
/home/shuo/smartbugs-curated/full/unchecked_low_level_calls.0xb0510d68f210b7db66e8c7c814f22680f2b8d1d6_sol_SafeMath.hex,unchecked_low_level_calls.0xb0510d68f210b7db66e8c7c814f22680f2b8d1d6_sol_SafeMath.hex,eTainter,runtime,2/27/2023,20241111_2221,1731334916,0.5384974479675293,0,DoS-With-Failed-Call,,{},{}
/home/shuo/smartbugs-curated/full/reentrancy.0x7b368c4e805c3870b6c49a3f1f49f69af8662cf3_sol_W_WALLET.hex,reentrancy.0x7b368c4e805c3870b6c49a3f1f49f69af8662cf3_sol_W_WALLET.hex,eTainter,runtime,2/27/2023,20241111_2221,1731334916,0.6689198017120361,0,DoS-With-Failed-Call,,{},{}
/home/shuo/smartbugs-curated/full/unchecked_low_level_calls.0x07f7ecb66d788ab01dc93b9b71a88401de7d0f2e_sol_PoCGame.hex,unchecked_low_level_calls.0x07f7ecb66d788ab01dc93b9b71a88401de7d0f2e_sol_PoCGame.hex,eTainter,runtime,2/27/2023,20241111_2221,1731334916,0.7578928470611572,0,DoS-With-Failed-Call,,{},{}
/home/shuo/smartbugs-curated/full/unchecked_low_level_calls.0x2972d548497286d18e92b5fa1f8f9139e5653fd2_sol_demo.hex,unchecked_low_level_calls.0x2972d548497286d18e92b5fa1f8f9139e5653fd2_sol_demo.hex,eTainter,runtime,2/27/2023,20241111_2221,1731334916,0.9737260341644287,0,DoS-With-Failed-Call,,{},{}
/home/shuo/smartbugs-curated/full/arithmetic.tokensalechallenge_sol_TokenSaleChallenge.hex,arithmetic.tokensalechallenge_sol_TokenSaleChallenge.hex,eTainter,runtime,2/27/2023,20241111_2221,1731334916,0.9815928936004639,0,DoS-With-Failed-Call,,{},{}
/home/shuo/smartbugs-curated/full/bad_randomness.random_number_generator_sol_RandomNumberGenerator.hex,bad_randomness.random_number_generator_sol_RandomNumberGenerator.hex,eTainter,runtime,2/27/2023,20241111_2221,1731334916,1.140359878540039,0,DoS-With-Failed-Call,,{},{}
/home/shuo/smartbugs-curated/full/access_control.phishable_sol_Phishable.hex,access_control.phishable_sol_Phishable.hex,eTainter,runtime,2/27/2023,20241111_2221,1731334916,1.151984453201294,0,DoS-With-Failed-Call,,{},{}
/home/shuo/smartbugs-curated/full/reentrancy.0xb5e1b1ee15c6fa0e48fce100125569d430f1bd12_sol_Private_Bank.hex,reentrancy.0xb5e1b1ee15c6fa0e48fce100125569d430f1bd12_sol_Private_Bank.hex,eTainter,runtime,2/27/2023,20241111_2221,1731334916,1.1530749797821045,0,DoS-With-Failed-Call,,{},{}
/home/shuo/smartbugs-curated/full/reentrancy.0xaae1f51cf3339f18b6d3f3bdc75a5facd744b0b8_sol_LogFile.hex,reentrancy.0xaae1f51cf3339f18b6d3f3bdc75a5facd744b0b8_sol_LogFile.hex,eTainter,runtime,2/27/2023,20241111_2221,1731334916,1.1821763515472412,0,DoS-With-Failed-Call,,{},{}
/home/shuo/smartbugs-curated/full/front_running.FindThisHash_sol_FindThisHash.hex,front_running.FindThisHash_sol_FindThisHash.hex,eTainter,runtime,2/27/2023,20241111_2221,1731334916,1.20896315574646,0,DoS-With-Failed-Call,,{},{}
/home/shuo/smartbugs-curated/full/arithmetic.integer_overflow_multitx_onefunc_feasible_sol_IntegerOverflowMultiTxOneFuncFeasible.hex,arithmetic.integer_overflow_multitx_onefunc_feasible_sol_IntegerOverflowMultiTxOneFuncFeasible.hex,eTainter,runtime,2/27/2023,20241111_2221,1731334916,1.258216142654419,0,DoS-With-Failed-Call,,{},{}
/home/shuo/smartbugs-curated/full/unchecked_low_level_calls.0x663e4229142a27f00bafb5d087e1e730648314c3_sol_ClockAuctionBase.hex,unchecked_low_level_calls.0x663e4229142a27f00bafb5d087e1e730648314c3_sol_ClockAuctionBase.hex,eTainter,runtime,2/27/2023,20241111_2221,1731334916,1.3357784748077393,0,DoS-With-Failed-Call,,{},{}
/home/shuo/smartbugs-curated/full/reentrancy.0x4e73b32ed6c35f570686b89848e5f39f20ecc106_sol_PRIVATE_ETH_CELL.hex,reentrancy.0x4e73b32ed6c35f570686b89848e5f39f20ecc106_sol_PRIVATE_ETH_CELL.hex,eTainter,runtime,2/27/2023,20241111_2221,1731334916,1.3358643054962158,0,DoS-With-Failed-Call,,{},{}
/home/shuo/smartbugs-curated/full/reentrancy.0x8c7777c45481dba411450c228cb692ac3d550344_sol_ETH_VAULT.hex,reentrancy.0x8c7777c45481dba411450c228cb692ac3d550344_sol_ETH_VAULT.hex,eTainter,runtime,2/27/2023,20241111_2221,1731334916,1.3517048358917236,0,DoS-With-Failed-Call,,{},{}
/home/shuo/smartbugs-curated/full/unchecked_low_level_calls.0x0cbe050f75bc8f8c2d6c0d249fea125fd6e1acc9_sol_Caller.hex,unchecked_low_level_calls.0x0cbe050f75bc8f8c2d6c0d249fea125fd6e1acc9_sol_Caller.hex,eTainter,runtime,2/27/2023,20241111_2221,1731334916,1.430255651473999,0,DoS-With-Failed-Call,,{},{}
/home/shuo/smartbugs-curated/full/reentrancy.0xcead721ef5b11f1a7b530171aab69b16c5e66b6e_sol_Log.hex,reentrancy.0xcead721ef5b11f1a7b530171aab69b16c5e66b6e_sol_Log.hex,eTainter,runtime,2/27/2023,20241111_2221,1731334916,1.582810401916504,0,DoS-With-Failed-Call,,{},{}
/home/shuo/smartbugs-curated/full/arithmetic.integer_overflow_mapping_sym_1_sol_IntegerOverflowMappingSym1.hex,arithmetic.integer_overflow_mapping_sym_1_sol_IntegerOverflowMappingSym1.hex,eTainter,runtime,2/27/2023,20241111_2221,1731334917,0.6521127223968506,0,DoS-With-Failed-Call,,{},{}
/home/shuo/smartbugs-curated/full/access_control.unprotected0_sol_Unprotected.hex,access_control.unprotected0_sol_Unprotected.hex,eTainter,runtime,2/27/2023,20241111_2221,1731334917,0.716923713684082,0,DoS-With-Failed-Call,,{},{}
/home/shuo/smartbugs-curated/full/denial_of_service.auction_sol_DosAuction.hex,denial_of_service.auction_sol_DosAuction.hex,eTainter,runtime,2/27/2023,20241111_2221,1731334917,0.8190922737121582,0,DoS-With-Failed-Call,,{},{}
/home/shuo/smartbugs-curated/full/unchecked_low_level_calls.0xd2018bfaa266a9ec0a1a84b061640faa009def76_sol_Pie.hex,unchecked_low_level_calls.0xd2018bfaa266a9ec0a1a84b061640faa009def76_sol_Pie.hex,eTainter,runtime,2/27/2023,20241111_2221,1731334917,0.8887372016906738,0,DoS-With-Failed-Call,,{},{}
/home/shuo/smartbugs-curated/full/unchecked_low_level_calls.0x19cf8481ea15427a98ba3cdd6d9e14690011ab10_sol_StandardToken.hex,unchecked_low_level_calls.0x19cf8481ea15427a98ba3cdd6d9e14690011ab10_sol_StandardToken.hex,eTainter,runtime,2/27/2023,20241111_2221,1731334917,0.8974666595458984,0,DoS-With-Failed-Call,,{},{}
/home/shuo/smartbugs-curated/full/unchecked_low_level_calls.0xbaa3de6504690efb064420d89e871c27065cdd52_sol_Proxy.hex,unchecked_low_level_calls.0xbaa3de6504690efb064420d89e871c27065cdd52_sol_Proxy.hex,eTainter,runtime,2/27/2023,20241111_2221,1731334917,1.0025663375854492,0,DoS-With-Failed-Call,,{},{}
/home/shuo/smartbugs-curated/full/unchecked_low_level_calls.etherpot_lotto_sol_Lotto.hex,unchecked_low_level_calls.etherpot_lotto_sol_Lotto.hex,eTainter,runtime,2/27/2023,20241111_2221,1731334916,2.0205094814300537,0,DoS-With-Failed-Call,,{},{}
/home/shuo/smartbugs-curated/full/unchecked_low_level_calls.0x70f9eddb3931491aab1aeafbc1e7f1ca2a012db4_sol_HomeyJar.hex,unchecked_low_level_calls.0x70f9eddb3931491aab1aeafbc1e7f1ca2a012db4_sol_HomeyJar.hex,eTainter,runtime,2/27/2023,20241111_2221,1731334917,1.1054308414459229,0,DoS-With-Failed-Call,,{},{}
/home/shuo/smartbugs-curated/full/reentrancy.0xbe4041d55db380c5ae9d4a9b9703f1ed4e7e3888_sol_MONEY_BOX.hex,reentrancy.0xbe4041d55db380c5ae9d4a9b9703f1ed4e7e3888_sol_MONEY_BOX.hex,eTainter,runtime,2/27/2023,20241111_2221,1731334917,1.1606082916259766,0,DoS-With-Failed-Call,,{},{}
/home/shuo/smartbugs-curated/full/unchecked_low_level_calls.0xe82f0742a71a02b9e9ffc142fdcb6eb1ed06fb87_sol_Freebie.hex,unchecked_low_level_calls.0xe82f0742a71a02b9e9ffc142fdcb6eb1ed06fb87_sol_Freebie.hex,eTainter,runtime,2/27/2023,20241111_2221,1731334917,1.5005249977111816,0,DoS-With-Failed-Call,,{},{}
/home/shuo/smartbugs-curated/full/reentrancy.0x96edbe868531bd23a6c05e9d0c424ea64fb1b78b_sol_PENNY_BY_PENNY.hex,reentrancy.0x96edbe868531bd23a6c05e9d0c424ea64fb1b78b_sol_PENNY_BY_PENNY.hex,eTainter,runtime,2/27/2023,20241111_2221,1731334917,1.5180344581604004,0,DoS-With-Failed-Call,,{},{}
/home/shuo/smartbugs-curated/full/unchecked_low_level_calls.0xdb1c55f6926e7d847ddf8678905ad871a68199d2_sol_FreeEth.hex,unchecked_low_level_calls.0xdb1c55f6926e7d847ddf8678905ad871a68199d2_sol_FreeEth.hex,eTainter,runtime,2/27/2023,20241111_2221,1731334918,0.6429915428161621,0,DoS-With-Failed-Call,,{},{}
/home/shuo/smartbugs-curated/full/denial_of_service.list_dos_sol_Government.hex,denial_of_service.list_dos_sol_Government.hex,eTainter,runtime,2/27/2023,20241111_2221,1731334917,1.756908893585205,0,DoS-With-Failed-Call,,{},{}
/home/shuo/smartbugs-curated/full/denial_of_service.send_loop_sol_Refunder.hex,denial_of_service.send_loop_sol_Refunder.hex,eTainter,runtime,2/27/2023,20241111_2221,1731334918,0.7706294059753418,0,DoS-With-Failed-Call,,{},{}
/home/shuo/smartbugs-curated/full/denial_of_service.dos_address_sol_DosGas.hex,denial_of_service.dos_address_sol_DosGas.hex,eTainter,runtime,2/27/2023,20241111_2221,1731334918,0.8065252304077148,0,DoS-With-Failed-Call,,{},{}
/home/shuo/smartbugs-curated/full/arithmetic.BECToken_sol_StandardToken.hex,arithmetic.BECToken_sol_StandardToken.hex,eTainter,runtime,2/27/2023,20241111_2221,1731334918,0.8228709697723389,0,DoS-With-Failed-Call,,{},{}
/home/shuo/smartbugs-curated/full/bad_randomness.guess_the_random_number_sol_GuessTheRandomNumberChallenge.hex,bad_randomness.guess_the_random_number_sol_GuessTheRandomNumberChallenge.hex,eTainter,runtime,2/27/2023,20241111_2221,1731334918,0.8298640251159668,0,DoS-With-Failed-Call,,{},{}
/home/shuo/smartbugs-curated/full/reentrancy.0x23a91059fdc9579a9fbd0edc5f2ea0bfdb70deb4_sol_PrivateBank.hex,reentrancy.0x23a91059fdc9579a9fbd0edc5f2ea0bfdb70deb4_sol_PrivateBank.hex,eTainter,runtime,2/27/2023,20241111_2221,1731334918,0.9490189552307129,0,DoS-With-Failed-Call,,{},{}
/home/shuo/smartbugs-curated/full/reentrancy.reentrance_sol_Reentrance.hex,reentrancy.reentrance_sol_Reentrance.hex,eTainter,runtime,2/27/2023,20241111_2221,1731334918,1.040585994720459,0,DoS-With-Failed-Call,,{},{}
/home/shuo/smartbugs-curated/full/reentrancy.0x4320e6f8c05b27ab4707cd1f6d5ce6f3e4b3a5a1_sol_LogFile.hex,reentrancy.0x4320e6f8c05b27ab4707cd1f6d5ce6f3e4b3a5a1_sol_LogFile.hex,eTainter,runtime,2/27/2023,20241111_2221,1731334918,1.054917573928833,0,DoS-With-Failed-Call,,{},{}
/home/shuo/smartbugs-curated/full/unchecked_low_level_calls.0xf2570186500a46986f3139f65afedc2afe4f445d_sol_RealOldFuckMaker.hex,unchecked_low_level_calls.0xf2570186500a46986f3139f65afedc2afe4f445d_sol_RealOldFuckMaker.hex,eTainter,runtime,2/27/2023,20241111_2221,1731334918,1.0854034423828125,0,DoS-With-Failed-Call,,{},{}
/home/shuo/smartbugs-curated/full/reentrancy.modifier_reentrancy_sol_ModifierEntrancy.hex,reentrancy.modifier_reentrancy_sol_ModifierEntrancy.hex,eTainter,runtime,2/27/2023,20241111_2221,1731334918,1.121460199356079,0,DoS-With-Failed-Call,,{},{}
/home/shuo/smartbugs-curated/full/access_control.incorrect_constructor_name2_sol_Missing.hex,access_control.incorrect_constructor_name2_sol_Missing.hex,eTainter,runtime,2/27/2023,20241111_2221,1731334918,1.254190444946289,0,DoS-With-Failed-Call,,{},{}
/home/shuo/smartbugs-curated/full/unchecked_low_level_calls.0x663e4229142a27f00bafb5d087e1e730648314c3_sol_SaleClockAuction.hex,unchecked_low_level_calls.0x663e4229142a27f00bafb5d087e1e730648314c3_sol_SaleClockAuction.hex,eTainter,runtime,2/27/2023,20241111_2221,1731334917,2.270761489868164,0,DoS-With-Failed-Call,,{},{}
/home/shuo/smartbugs-curated/full/reentrancy.0xf015c35649c82f5467c9c74b7f28ee67665aad68_sol_MY_BANK.hex,reentrancy.0xf015c35649c82f5467c9c74b7f28ee67665aad68_sol_MY_BANK.hex,eTainter,runtime,2/27/2023,20241111_2221,1731334918,1.3368017673492432,0,DoS-With-Failed-Call,,{},{}
/home/shuo/smartbugs-curated/full/reentrancy.0xbaf51e761510c1a11bf48dd87c0307ac8a8c8a4f_sol_ETH_VAULT.hex,reentrancy.0xbaf51e761510c1a11bf48dd87c0307ac8a8c8a4f_sol_ETH_VAULT.hex,eTainter,runtime,2/27/2023,20241111_2221,1731334918,1.337843894958496,0,DoS-With-Failed-Call,,{},{}
/home/shuo/smartbugs-curated/full/access_control.mapping_write_sol_Map.hex,access_control.mapping_write_sol_Map.hex,eTainter,runtime,2/27/2023,20241111_2221,1731334918,1.3977129459381104,0,DoS-With-Failed-Call,,{},{}
/home/shuo/smartbugs-curated/full/unchecked_low_level_calls.0x3a0e9acd953ffc0dd18d63603488846a6b8b2b01_sol_TokenBank.hex,unchecked_low_level_calls.0x3a0e9acd953ffc0dd18d63603488846a6b8b2b01_sol_TokenBank.hex,eTainter,runtime,2/27/2023,20241111_2221,1731334918,1.5390625,0,DoS-With-Failed-Call,,{},{}
/home/shuo/smartbugs-curated/full/access_control.arbitrary_location_write_simple_sol_Wallet.hex,access_control.arbitrary_location_write_simple_sol_Wallet.hex,eTainter,runtime,2/27/2023,20241111_2221,1731334918,1.5469083786010742,0,DoS-With-Failed-Call,,{},{}
/home/shuo/smartbugs-curated/full/unchecked_low_level_calls.0x663e4229142a27f00bafb5d087e1e730648314c3_sol_PandaOwnership.hex,unchecked_low_level_calls.0x663e4229142a27f00bafb5d087e1e730648314c3_sol_PandaOwnership.hex,eTainter,runtime,2/27/2023,20241111_2221,1731334918,1.8426730632781982,0,DoS-With-Failed-Call,,{},{}
/home/shuo/smartbugs-curated/full/bad_randomness.blackjack_sol_BlackJack.hex,bad_randomness.blackjack_sol_BlackJack.hex,eTainter,runtime,2/27/2023,20241111_2221,1731334917,2.9326725006103516,0,DoS-With-Failed-Call,,{},{}
/home/shuo/smartbugs-curated/full/unchecked_low_level_calls.0x4b71ad9c1a84b9b643aa54fdd66e2dec96e8b152_sol_airPort.hex,unchecked_low_level_calls.0x4b71ad9c1a84b9b643aa54fdd66e2dec96e8b152_sol_airPort.hex,eTainter,runtime,2/27/2023,20241111_2222,1731334919,1.2265684604644775,0,DoS-With-Failed-Call,,{},{}
/home/shuo/smartbugs-curated/full/access_control.wallet_02_refund_nosub_sol_Wallet.hex,access_control.wallet_02_refund_nosub_sol_Wallet.hex,eTainter,runtime,2/27/2023,20241111_2222,1731334920,0.4549567699432373,0,DoS-With-Failed-Call,,{},{}
/home/shuo/smartbugs-curated/full/reentrancy.reentrancy_bonus_sol_Reentrancy_bonus.hex,reentrancy.reentrancy_bonus_sol_Reentrancy_bonus.hex,eTainter,runtime,2/27/2023,20241111_2222,1731334920,0.850928783416748,0,DoS-With-Failed-Call,,{},{}
/home/shuo/smartbugs-curated/full/arithmetic.BECToken_sol_BasicToken.hex,arithmetic.BECToken_sol_BasicToken.hex,eTainter,runtime,2/27/2023,20241111_2222,1731334920,0.9770855903625488,0,DoS-With-Failed-Call,,{},{}
/home/shuo/smartbugs-curated/full/bad_randomness.blackjack_sol_Deck.hex,bad_randomness.blackjack_sol_Deck.hex,eTainter,runtime,2/27/2023,20241111_2222,1731334920,0.9775416851043701,0,DoS-With-Failed-Call,,{},{}
/home/shuo/smartbugs-curated/full/reentrancy.reentrancy_insecure_sol_Reentrancy_insecure.hex,reentrancy.reentrancy_insecure_sol_Reentrancy_insecure.hex,eTainter,runtime,2/27/2023,20241111_2222,1731334920,1.0035412311553955,0,DoS-With-Failed-Call,,{},{}
/home/shuo/smartbugs-curated/full/unchecked_low_level_calls.0x627fa62ccbb1c1b04ffaecd72a53e37fc0e17839_sol_Ownable.hex,unchecked_low_level_calls.0x627fa62ccbb1c1b04ffaecd72a53e37fc0e17839_sol_Ownable.hex,eTainter,runtime,2/27/2023,20241111_2222,1731334920,1.057600736618042,0,DoS-With-Failed-Call,,{},{}
/home/shuo/smartbugs-curated/full/reentrancy.simple_dao_sol_SimpleDAO.hex,reentrancy.simple_dao_sol_SimpleDAO.hex,eTainter,runtime,2/27/2023,20241111_2222,1731334920,1.1629829406738281,0,DoS-With-Failed-Call,,{},{}
/home/shuo/smartbugs-curated/full/reentrancy.reentrancy_simple_sol_Reentrance.hex,reentrancy.reentrancy_simple_sol_Reentrance.hex,eTainter,runtime,2/27/2023,20241111_2222,1731334920,1.173295021057129,0,DoS-With-Failed-Call,,{},{}
/home/shuo/smartbugs-curated/full/reentrancy.reentrancy_cross_function_sol_Reentrancy_cross_function.hex,reentrancy.reentrancy_cross_function_sol_Reentrancy_cross_function.hex,eTainter,runtime,2/27/2023,20241111_2222,1731334920,1.1900391578674316,0,DoS-With-Failed-Call,,{},{}
/home/shuo/smartbugs-curated/full/access_control.incorrect_constructor_name1_sol_Missing.hex,access_control.incorrect_constructor_name1_sol_Missing.hex,eTainter,runtime,2/27/2023,20241111_2222,1731334921,0.594534158706665,0,DoS-With-Failed-Call,,{},{}
/home/shuo/smartbugs-curated/full/reentrancy.0x01f8c4e3fa3edeb29e514cba738d87ce8c091d3f_sol_LogFile.hex,reentrancy.0x01f8c4e3fa3edeb29e514cba738d87ce8c091d3f_sol_LogFile.hex,eTainter,runtime,2/27/2023,20241111_2222,1731334921,0.6040444374084473,0,DoS-With-Failed-Call,,{},{}
/home/shuo/smartbugs-curated/full/unchecked_low_level_calls.0x627fa62ccbb1c1b04ffaecd72a53e37fc0e17839_sol_Token.hex,unchecked_low_level_calls.0x627fa62ccbb1c1b04ffaecd72a53e37fc0e17839_sol_Token.hex,eTainter,runtime,2/27/2023,20241111_2222,1731334921,0.6360924243927002,0,DoS-With-Failed-Call,,{},{}
/home/shuo/smartbugs-curated/full/reentrancy.0x96edbe868531bd23a6c05e9d0c424ea64fb1b78b_sol_LogFile.hex,reentrancy.0x96edbe868531bd23a6c05e9d0c424ea64fb1b78b_sol_LogFile.hex,eTainter,runtime,2/27/2023,20241111_2222,1731334921,0.6449716091156006,0,DoS-With-Failed-Call,,{},{}
/home/shuo/smartbugs-curated/full/arithmetic.integer_overflow_multitx_multifunc_feasible_sol_IntegerOverflowMultiTxMultiFuncFeasible.hex,arithmetic.integer_overflow_multitx_multifunc_feasible_sol_IntegerOverflowMultiTxMultiFuncFeasible.hex,eTainter,runtime,2/27/2023,20241111_2222,1731334921,1.0434510707855225,0,DoS-With-Failed-Call,,{},{}
/home/shuo/smartbugs-curated/full/reentrancy.spank_chain_payment_sol_StandardToken.hex,reentrancy.spank_chain_payment_sol_StandardToken.hex,eTainter,runtime,2/27/2023,20241111_2222,1731334922,0.6729423999786377,0,DoS-With-Failed-Call,,{},{}
/home/shuo/smartbugs-curated/full/access_control.rubixi_sol_Rubixi.hex,access_control.rubixi_sol_Rubixi.hex,eTainter,runtime,2/27/2023,20241111_2222,1731334922,0.688361644744873,0,DoS-With-Failed-Call,"[0, 219, 231, 1276, 1315, 1354, 2921, 2980, 3126, 3162, 3179, 3208, 3225, 3242, 3270, 3286, 3323, 3420]",{},{}
/home/shuo/smartbugs-curated/full/arithmetic.integer_overflow_1_sol_Overflow.hex,arithmetic.integer_overflow_1_sol_Overflow.hex,eTainter,runtime,2/27/2023,20241111_2222,1731334922,0.6958136558532715,0,DoS-With-Failed-Call,,{},{}
/home/shuo/smartbugs-curated/full/unchecked_low_level_calls.0x663e4229142a27f00bafb5d087e1e730648314c3_sol_Pausable.hex,unchecked_low_level_calls.0x663e4229142a27f00bafb5d087e1e730648314c3_sol_Pausable.hex,eTainter,runtime,2/27/2023,20241111_2222,1731334922,0.981198787689209,0,DoS-With-Failed-Call,,{},{}
/home/shuo/smartbugs-curated/full/reentrancy.etherbank_sol_EtherBank.hex,reentrancy.etherbank_sol_EtherBank.hex,eTainter,runtime,2/27/2023,20241111_2222,1731334922,0.9903078079223633,0,DoS-With-Failed-Call,,{},{}
/home/shuo/smartbugs-curated/full/unchecked_low_level_calls.0xbebbfe5b549f5db6e6c78ca97cac19d1fb03082c_sol_Proxy.hex,unchecked_low_level_calls.0xbebbfe5b549f5db6e6c78ca97cac19d1fb03082c_sol_Proxy.hex,eTainter,runtime,2/27/2023,20241111_2222,1731334922,1.0131092071533203,0,DoS-With-Failed-Call,,{},{}
/home/shuo/smartbugs-curated/full/reentrancy.0xb93430ce38ac4a6bb47fb1fc085ea669353fd89e_sol_Log.hex,reentrancy.0xb93430ce38ac4a6bb47fb1fc085ea669353fd89e_sol_Log.hex,eTainter,runtime,2/27/2023,20241111_2222,1731334922,1.1566617488861084,0,DoS-With-Failed-Call,,{},{}
/home/shuo/smartbugs-curated/full/unchecked_low_level_calls.0x8fd1e427396ddb511533cf9abdbebd0a7e08da35_sol_Token.hex,unchecked_low_level_calls.0x8fd1e427396ddb511533cf9abdbebd0a7e08da35_sol_Token.hex,eTainter,runtime,2/27/2023,20241111_2222,1731334922,1.4821903705596924,0,DoS-With-Failed-Call,,{},{}
/home/shuo/smartbugs-curated/full/unchecked_low_level_calls.0x4051334adc52057aca763453820cb0e045076ef3_sol_airdrop.hex,unchecked_low_level_calls.0x4051334adc52057aca763453820cb0e045076ef3_sol_airdrop.hex,eTainter,runtime,2/27/2023,20241111_2222,1731334923,0.6065618991851807,0,DoS-With-Failed-Call,,{},{}
/home/shuo/smartbugs-curated/full/arithmetic.timelock_sol_TimeLock.hex,arithmetic.timelock_sol_TimeLock.hex,eTainter,runtime,2/27/2023,20241111_2222,1731334923,0.6074504852294922,0,DoS-With-Failed-Call,,{},{}
/home/shuo/smartbugs-curated/full/unchecked_low_level_calls.0x3e013fc32a54c4c5b6991ba539dcd0ec4355c859_sol_MultiplicatorX4.hex,unchecked_low_level_calls.0x3e013fc32a54c4c5b6991ba539dcd0ec4355c859_sol_MultiplicatorX4.hex,eTainter,runtime,2/27/2023,20241111_2222,1731334923,0.626389741897583,0,DoS-With-Failed-Call,,{},{}
/home/shuo/smartbugs-curated/full/arithmetic.integer_overflow_mul_sol_IntegerOverflowMul.hex,arithmetic.integer_overflow_mul_sol_IntegerOverflowMul.hex,eTainter,runtime,2/27/2023,20241111_2222,1731334923,0.786205530166626,0,DoS-With-Failed-Call,,{},{}
/home/shuo/smartbugs-curated/full/arithmetic.integer_overflow_benign_1_sol_IntegerOverflowBenign1.hex,arithmetic.integer_overflow_benign_1_sol_IntegerOverflowBenign1.hex,eTainter,runtime,2/27/2023,20241111_2222,1731334924,0.43903326988220215,0,DoS-With-Failed-Call,,{},{}
/home/shuo/smartbugs-curated/full/denial_of_service.dos_number_sol_DosNumber.hex,denial_of_service.dos_number_sol_DosNumber.hex,eTainter,runtime,2/27/2023,20241111_2222,1731334924,0.6971335411071777,0,DoS-With-Failed-Call,,{},{}
/home/shuo/smartbugs-curated/full/access_control.FibonacciBalance_sol_FibonacciLib.hex,access_control.FibonacciBalance_sol_FibonacciLib.hex,eTainter,runtime,2/27/2023,20241111_2222,1731334924,0.7419693470001221,0,DoS-With-Failed-Call,,{},{}
/home/shuo/smartbugs-curated/full/unchecked_low_level_calls.0x610495793564aed0f9c7fc48dc4c7c9151d34fd6_sol_SimpleWallet.hex,unchecked_low_level_calls.0x610495793564aed0f9c7fc48dc4c7c9151d34fd6_sol_SimpleWallet.hex,eTainter,runtime,2/27/2023,20241111_2222,1731334924,0.8765652179718018,0,DoS-With-Failed-Call,,{},{}
/home/shuo/smartbugs-curated/full/unchecked_low_level_calls.0xbaa3de6504690efb064420d89e871c27065cdd52_sol_VaultProxy.hex,unchecked_low_level_calls.0xbaa3de6504690efb064420d89e871c27065cdd52_sol_VaultProxy.hex,eTainter,runtime,2/27/2023,20241111_2222,1731334924,1.0288827419281006,0,DoS-With-Failed-Call,,{},{}
/home/shuo/smartbugs-curated/full/unchecked_low_level_calls.0x3f2ef511aa6e75231e4deafc7a3d2ecab3741de2_sol_WhaleGiveaway2.hex,unchecked_low_level_calls.0x3f2ef511aa6e75231e4deafc7a3d2ecab3741de2_sol_WhaleGiveaway2.hex,eTainter,runtime,2/27/2023,20241111_2222,1731334924,1.0856084823608398,0,DoS-With-Failed-Call,,{},{}
/home/shuo/smartbugs-curated/full/unchecked_low_level_calls.0x663e4229142a27f00bafb5d087e1e730648314c3_sol_ERC721Metadata.hex,unchecked_low_level_calls.0x663e4229142a27f00bafb5d087e1e730648314c3_sol_ERC721Metadata.hex,eTainter,runtime,2/27/2023,20241111_2222,1731334924,1.3514389991760254,0,DoS-With-Failed-Call,,{},{}
/home/shuo/smartbugs-curated/full/reentrancy.0x01f8c4e3fa3edeb29e514cba738d87ce8c091d3f_sol_PERSONAL_BANK.hex,reentrancy.0x01f8c4e3fa3edeb29e514cba738d87ce8c091d3f_sol_PERSONAL_BANK.hex,eTainter,runtime,2/27/2023,20241111_2222,1731334924,1.3752026557922363,0,DoS-With-Failed-Call,,{},{}
/home/shuo/smartbugs-curated/full/unchecked_low_level_calls.0xf29ebe930a539a60279ace72c707cba851a57707_sol_B.hex,unchecked_low_level_calls.0xf29ebe930a539a60279ace72c707cba851a57707_sol_B.hex,eTainter,runtime,2/27/2023,20241111_2222,1731334924,1.5453846454620361,0,DoS-With-Failed-Call,,{},{}
/home/shuo/smartbugs-curated/full/unchecked_low_level_calls.0x8fd1e427396ddb511533cf9abdbebd0a7e08da35_sol_Ownable.hex,unchecked_low_level_calls.0x8fd1e427396ddb511533cf9abdbebd0a7e08da35_sol_Ownable.hex,eTainter,runtime,2/27/2023,20241111_2222,1731334925,0.6034374237060547,0,DoS-With-Failed-Call,,{},{}
/home/shuo/smartbugs-curated/full/arithmetic.BECToken_sol_BecToken.hex,arithmetic.BECToken_sol_BecToken.hex,eTainter,runtime,2/27/2023,20241111_2222,1731334924,1.6152374744415283,0,DoS-With-Failed-Call,,{},{}
/home/shuo/smartbugs-curated/full/access_control.simple_suicide_sol_SimpleSuicide.hex,access_control.simple_suicide_sol_SimpleSuicide.hex,eTainter,runtime,2/27/2023,20241111_2222,1731334925,0.6636381149291992,0,DoS-With-Failed-Call,,{},{}
/home/shuo/smartbugs-curated/full/bad_randomness.smart_billions_sol_SmartBillions.hex,bad_randomness.smart_billions_sol_SmartBillions.hex,eTainter,runtime,2/27/2023,20241111_2222,1731334921,6.611212968826294,0,DoS-With-Failed-Call,,{},{}
/home/shuo/smartbugs-curated/full/unchecked_low_level_calls.0x663e4229142a27f00bafb5d087e1e730648314c3_sol_PandaBreeding.hex,unchecked_low_level_calls.0x663e4229142a27f00bafb5d087e1e730648314c3_sol_PandaBreeding.hex,eTainter,runtime,2/27/2023,20241111_2222,1731334917,11.588711738586426,0,DoS-With-Failed-Call,,{},{}
/home/shuo/smartbugs-curated/full/unchecked_low_level_calls.0x663e4229142a27f00bafb5d087e1e730648314c3_sol_PandaCore.hex,unchecked_low_level_calls.0x663e4229142a27f00bafb5d087e1e730648314c3_sol_PandaCore.hex,eTainter,runtime,2/27/2023,20241111_2222,1731334920,9.097666025161743,0,DoS-With-Failed-Call,,{},{}
/home/shuo/smartbugs-curated/full/reentrancy.0xbaf51e761510c1a11bf48dd87c0307ac8a8c8a4f_sol_Log.hex,reentrancy.0xbaf51e761510c1a11bf48dd87c0307ac8a8c8a4f_sol_Log.hex,eTainter,runtime,2/27/2023,20241111_2222,1731334928,1.2553038597106934,0,DoS-With-Failed-Call,,{},{}
/home/shuo/smartbugs-curated/full/unchecked_low_level_calls.0x663e4229142a27f00bafb5d087e1e730648314c3_sol_PandaMinting.hex,unchecked_low_level_calls.0x663e4229142a27f00bafb5d087e1e730648314c3_sol_PandaMinting.hex,eTainter,runtime,2/27/2023,20241111_2222,1731334921,8.571791648864746,0,DoS-With-Failed-Call,,{},{}
/home/shuo/smartbugs-curated/full/unchecked_low_level_calls.0x663e4229142a27f00bafb5d087e1e730648314c3_sol_PandaAuction.hex,unchecked_low_level_calls.0x663e4229142a27f00bafb5d087e1e730648314c3_sol_PandaAuction.hex,eTainter,runtime,2/27/2023,20241111_2222,1731334919,11.24479627609253,0,DoS-With-Failed-Call,,{},{}
/home/shuo/smartbugs-curated/full/arithmetic.BECToken_sol_Pausable.hex,arithmetic.BECToken_sol_Pausable.hex,eTainter,runtime,2/27/2023,20241111_2222,1731334930,0.6647441387176514,0,DoS-With-Failed-Call,,{},{}
/home/shuo/smartbugs-curated/full/arithmetic.insecure_transfer_sol_IntegerOverflowAdd.hex,arithmetic.insecure_transfer_sol_IntegerOverflowAdd.hex,eTainter,runtime,2/27/2023,20241111_2222,1731334930,1.1521379947662354,0,DoS-With-Failed-Call,,{},{}
/home/shuo/smartbugs-curated/full/unchecked_low_level_calls.0x9d06cbafa865037a01d322d3f4222fa3e04e5488_sol_Delta.hex,unchecked_low_level_calls.0x9d06cbafa865037a01d322d3f4222fa3e04e5488_sol_Delta.hex,eTainter,runtime,2/27/2023,20241111_2222,1731334931,0.6002600193023682,0,DoS-With-Failed-Call,,{},{}
/home/shuo/smartbugs-curated/full/unchecked_low_level_calls.0xe894d54dca59cb53fe9cbc5155093605c7068220_sol_airDrop.hex,unchecked_low_level_calls.0xe894d54dca59cb53fe9cbc5155093605c7068220_sol_airDrop.hex,eTainter,runtime,2/27/2023,20241111_2222,1731334931,0.7685377597808838,0,DoS-With-Failed-Call,,{},{}
/home/shuo/smartbugs-curated/full/access_control.parity_wallet_bug_2_sol_WalletLibrary.hex,access_control.parity_wallet_bug_2_sol_WalletLibrary.hex,eTainter,runtime,2/27/2023,20241111_2222,1731334930,16.011752128601074,0,DoS-With-Failed-Call,,{},{}
