contract,duration
0x7d34c87c34a12f80912c452c528dbd24d8520e69.code,300
0xd0a6e6c54dbc68db5db3a091b171a77407ff7ccf.code,300
0x09678741bd50c3e74301f38fbd0136307099ae5d.code,300
0xa52e014b3f5cc48287c2d483a3e026c32cc76e6d.code,300
0x1d085c7716118e5c99ab1c35c1cffdacffe454b6.code,300
0x2e63b6d7ef8fc8a2ea4c96bb9a633423682f0f79.code,300
0x11c039f368606d91664bfd10137b00eee13cde77.code,300
0x6ff313fb38d53d7a458860b1bf7512f54a03e968.code,300
0x13f1b7fdfbe1fc66676d56483e21b1ecb40b58e2.code,300
0x01ff50f8b7f74e4f00580d9596cd3d0d6d6e326f.code,300
0x064bd8fc3acbfba6eb8105c02786659a2da8cf76.code,300
0xe6aaceda7d6bc119df866f8b5228073d9a992734.code,300
0x461733c17b0755ca5649b6db08b3e213fcf22546.code,300
0x7600bf5112945f9f006c216d5d6db0df2806edc6.code,300
0xbc86727e770de68b1060c91f6bb6945c73e10388.code,300
0x7ee7ca6e75de79e618e88bdf80d0b1db136b22d0.code,300
0x4355fc160f74328f9b383df2ec589bb3dfd82ba0.code,300
0x1e0447b19bb6ecfdae1e4ae1694b0c3659614e4e.code,300
0xbf3f09e4eba5f7805e5fac0ee09fd6ee8eebe4cb.code,300
0x7a093232c5cda300d0db956baef268a523aa7c68.code,300
0x01995786f1435743c42b7f2276c496a610b58612.code,300
0x525794473f7ab5715c81d06d10f52d11cc052804.code,300
0x2734b99e2c62ca70fe753a0cbcd3a90930e1eec9.code,300
0x5136c98a80811c3f46bdda8b5c4555cfd9f812f0.code,300
0x985dd3d42de1e256d09e1c10f112bccb8015ad41.code,300
0x102406079234cc1ea88888e58b88c03467ffa5f3.code,300
0x4c29d75cc423e8adaa3839892feb66977e295829.code,300
0xaaab2ec23dd5dd9602e631b8399fa94c9d134b3a.code,300
0x4ddc2d193948926d02f9b1fe9e1daa0718270ed5.code,300
0xb9280b318a84df5891610f27625b0741951b94b4.code,300
0x4c251de85ad3498c5b89388d8efc696ddd0b0fe7.code,300
0xaaaf91d9b90df800df4f55c205fd6989c977e73a.code,300
0x4470bb87d77b963a013db939be332f927f2b992e.code,300
0x1200563cfaeb481e1f0542a246f0cefcde4c4753.code,300
0xdc45529ac0fa3185f79a005e57def64f600c4e97.code,300
0x5c89736e9454200141b80c37eb28eaceca2ce8cb.code,300
0x8d67753914a94f84947b1ac0ad4ae66b23494e96.code,300
0x14fbca95be7e99c15cc2996c6c9d841e54b79425.code,300
0x57c8d5d5b87a1580fdaf996cef674bb0d7f14c98.code,300
0xf4106e7ce40b41976ac8f198bda2c51afa943784.code,300
0x8c9b261faef3b3c2e64ab5e58e04615f8c788099.code,300
0x26946ada5ecb57f3a1f91605050ce45c482c9eb1.code,300
0x9469d013805bffb7d3debe5e7839237e535ec483.code,300
0x0fe2247a20e779a879c647d2b9dea1b896fc0ccf.code,300
0xe63dc0b48fd13c888661bfb30d7069823f967f03.code,300
0x49aaa160506f7e07e6c3f6cd6316b6866025cdcb.code,300
0xe9f6f185dba74824f6488d4b0c7ab978132138d0.code,300
0x425372c0ac9d559a186a08a3854e0ddea1a00d5c.code,300
0x39755357759ce0d7f32dc8dc45414cca409ae24e.code,300
0xfb2f26f266fb2805a387230f2aa0a331b4d96fba.code,300
0xd850942ef8811f2a866692a623011bde52a462c1.code,300
0xdf5d68d54433661b1e5e90a547237ffb0adf6ec2.code,300
0x0f00f1696218eaefa2d2330df3d6d1f94813b38f.code,300
0x4a6058666cf1057eac3cd3a5a614620547559fc9.code,300
0xff8be4b22cedc440591dcb1e641eb2a0dd9d25a5.code,300
0x273f7f8e6489682df756151f5525576e322d51a3.code,300
0x5c3a228510d246b78a3765c20221cbf3082b44a4.code,300
0xbb18a808651e78dcd4508fdc3d5fdc4f594491f1.code,300
0x2ccbff3a042c68716ed2a2cb0c544a9f1d1935e1.code,300
0x2c58b11405a6a8154fd3bbc4ccaa43924f2be769.code,300
0xcdb43caa48d933287a7e87da5ac76bd7c4edc1aa.code,300
0xef68e7c694f40c8202821edf525de3782458639f.code,300
0xaa86bb5ce320e7e425af0caf988f2c3a5e0b8338.code,300
0x4f833a24e1f95d70f028921e27040ca56e09ab0b.code,300
0xf81c64c864d87ec0e6d0455b59a7b4aa87bcdc81.code,300
0xd823b5d18542506638b7cae1be63df7f8255c98f.code,300
0x530ffe811ce9d7c0f31f94772890f4d5df08f8d7.code,300
0x1961b3331969ed52770751fc718ef530838b6dee.code,300
0xe5a04d98538231b0fab9aba60cd73ce4ff3039df.code,300
0x18ddd7fedc4b1a5a414cded8e5be6c40408a95dc.code,300
0x672a1ad4f667fb18a333af13667aa0af1f5b5bdd.code,300
0x3aa927a97594c3ab7d7bf0d47c71c3877d1de4a1.code,300
0xbd13e53255ef917da7557db1b7d2d5c38a2efe24.code,300
0x64d14595152b430cf6940da15c6e39545c7c5b7e.code,300
0x9652c22a64f89ba104a957c7ffb8508fc8b21a7b.code,300
0xba3ed686cc32ffa8664628b1e96d8022e40543de.code,300
0x798abda6cc246d0edba912092a2a3dbd3d11191b.code,300
0xc72fe8e3dd5bef0f9f31f259399f301272ef2a2d.code,300
0x6ec8a24cabdc339a06a172f8223ea557055adaa5.code,300
0x05fbd3b849a87c9608a2252d095d8cb818d0d239.code,300
0x42cead70158235a6ca4868f3cfaf600c7a7b0ebb.code,300
0xb22be3c9fef880ee58155cd402b67ce6d7b45504.code,300
0x080bf510fcbf18b91105470639e9561022937712.code,300
0xca896381b8b0f5a73dd2122e261f1e8eee3e8b0e.code,300
0x035771ef2b2af2f1f3357443f1d99e3bbfc68884.code,300
0x0f71b8de197a1c84d31de0f1fa7926c365f052b3.code,300
0x2cc1060de78aa44e3e6a86102fac93f1de49adb2.code,300
0x7728dfef5abd468669eb7f9b48a7f70a501ed29d.code,300
0xe7232a9fd8bf427aa41918bc008d32290e22990e.code,300
0xbc2afc039d2bfa67d582ac181dab5be17ec91f82.code,300
0xf5dce57282a584d2746faf1593d3121fcac444dc.code,300
0x2fa0ac498d01632f959d3c18e38f4390b005e200.code,300
0x3dae53ee778a324bd317bd270d6227406b6bd4ed.code,300
0x39aa39c021dfbae8fac545936693ac917d5e7563.code,300
0xe2aed72a80cf9651431cad9c312ba11a589af4c7.code,300
0x17f8afb63dfcdcc90ebe6e84f060cc306a98257d.code,300
0x02f61fd266da6e8b102d4121f5ce7b992640cf98.code,300
0x4b94c8567763654101f690cf4d54957206383b75.code,300
0x931a7ca74e35f35a46881a4f968d5fbd095a0279.code,300
0xe5a3229ccb22b6484594973a03a3851dcd948756.code,300
0x048fe49be32adfc9ed68c37d32b5ec9df17b3603.code,300
0xb1656c8fe15b1ac60760777a8e45f5d7cd1d24ec.code,300
0x76481caa104b5f6bccb540dae4cefaf1c398ebea.code,300
0x5faa9973f2cea12cbb02e40b56161bf5a9c0f321.code,300
0x9f89388141c632c4c6f36d1060d5f50604ee3abc.code,300
0x0e12bcbd1300f3e04205ad947fe154f7118e467b.code,300
0xd3b55ba131ce66c1f4299917e1347533ad16e06c.code,300
0x660e78e77b0a4eef978ef198c7229259f0eff8ac.code,300
0x89dd662cc0651a6f3631a617724525f2ff373b1e.code,300
0x5da8d37485b4374fc338fc1f1ea31d07eb7bedd3.code,300
0x23352036e911a22cfc692b5e2e196692658aded9.code,300
0xa31b1767e09f842ecfd4bc471fe44f830e3891aa.code,300
0x957c30ab0426e0c93cd8241e2c60392d08c6ac8e.code,300
0x13f64609bf1ef46f6515f8cd3115433a93a00dc6.code,300
0xf9e5af7b42d31d51677c75bbbd37c1986ec79aee.code,300
0xa57a2ad52ad6b1995f215b12fc037bffd990bc5e.code,300
0x1e2fbe6be9eb39fc894d38be976111f332172d83.code,300
0x2d4de3c744d43cf77cb12399921faf0d78b7415b.code,300
0xbb5ed1edeb5149af3ab43ea9c7a6963b3c1374f7.code,300
0x8888887c5ede327afbeb15019598aaa3b4fae759.code,300
0x82622209cef6ebf4b8bdb353a8fc7e0b8655d0b0.code,300
0x5f53f7a8075614b699baad0bc2c899f4bad8fbbf.code,300
0x0a7d984c7f91e9be3ea02a5369fcc9f1a4f6a322.code,300
0xa3d58c4e56fedcae3a7c43a725aee9a71f0ece4e.code,300
0x12b306fa98f4cbb8d4457fdff3a0a0a56f07ccdf.code,300
0xb9ab8eed48852de901c13543042204c6c569b811.code,300
0x2832373dddad96bbfb44f1b7da11b6541026bf40.code,300
0x899f3b22908ff5674f8237c321ab309417887606.code,300
0xf04436b2edaa1b777045e1eefc6dba8bd2aebab8.code,300
0x7b596c8f1b4db131503eb4f4a06f81c99d47dae1.code,300
0xd2f81cd7a20d60c0d558496c7169a20968389b40.code,300
0xdd98b423dc61a756e1070de151b1485425505954.code,300
0xf9c402ac9aa43857e2fbf541ca1d38291d412e3d.code,300
0xddf0d0b9914d530e0b743808249d9af901f1bd01.code,300
0x490c95be16384e1f28b9e864e98ffecfcbff386d.code,300
0xc2e343118f937f88ee1fc3150cdc0d6f3d11bba7.code,300
0xe963b0fa93f48c3be91871f8ab6452a446bca7e4.code,300
0x1bdf56c9593590122fd8750555d8148da2b80be8.code,300
0x8bc67d00253fd60b1afcce88b78820413139f4c6.code,300
0xaff69c67f5dbbdd088ccbc6d47cb9e0ea547e132.code,300
0x9a07fd8a116b7e3be9e6185861496af7a2041460.code,300
0x70c629875dadbe702489a5e1e3baae60e38924fa.code,300
0x587e276dc7f2c97d986e8adf9b82d3f14d6cd8d2.code,300
0x41ab1b6fcbb2fa9dced81acbdec13ea6315f2bf2.code,300
0x215ce36e90b1b64e6fa2e358305177f8fe5daf25.code,300
0xd48b633045af65ff636f3c6edd744748351e020d.code,300
0x66666672e63f056350c3e79dc605edc36aa8b952.code,300
0x8a91c9a16cd62693649d80afa85a09dbbdcb8508.code,300
0x1dea979ae76f26071870f824088da78979eb91c8.code,300
0xb6ed7644c69416d67b522e20bc294a9a9b405b31.code,300
0xa62142888aba8370742be823c1782d17a0389da1.code,300
0x458c175909cf81d1395ad2d49a9fb75cc4c8d2af.code,300
0x25caf15e1cc43e7bfa9853a68de463bfb0d27021.code,300
0x4cd988afbad37289baaf53c13e98e2bd46aaea8c.code,300
0x04f062809b244e37e7fdc21d9409469c989c2342.code,300
0x06a6a7af298129e3a2ab396c9c06f91d3c54aba8.code,300
0xdeeaa1726cc544486eea4d0e114aebd04a5016bd.code,300
0x2a46f2ffd99e19a89476e2f62270e0a35bbf0756.code,300
0x960b236a07cf122663c4303350609a66a7b288c0.code,300
0x5dd0815a4cf119ad91ba045bbbf879f3f7de3c68.code,300
0x0a97094c19295e320d5121d72139a150021a2702.code,300
0x105631c6cddba84d12fa916f0045b1f97ec9c268.code,300
0xb51088f5f37286b5c3462043200a0ce9aee71459.code,300
0xd5d10172e8d8b84ac83031c16fe093cba4c84fc6.code,300
0x504b8a3f60fcf3bf2fc41e3be715e6fe68ce59ec.code,300
0x56eb83949fdf543e8cee4569739d21f07e4eafa9.code,300
0xbb97e381f1d1e94ffa2a5844f6875e6146981009.code,300
0x7da90089a73edd14c75b0c827cb54f4248d47ecc.code,300
0x75ac71fe06b1ea8d403ccbc39e600c9acebc6cde.code,300
0x23ccc43365d9dd3882eab88f43d515208f832430.code,300
0x4d55f76ce2dbbae7b48661bef9bd144ce0c9091b.code,300
0xa1cac442be6673c49f8e74ffc7c4fd746f3cbd0d.code,300
0x5aeba72b15e4ef814460e49beca6d176caec228b.code,300
0xe4c94d45f7aef7018a5d66f44af780ec6023378e.code,300
0x469e96b0f675ee5da1b13f4c03d0b0ecc7bccd44.code,300
0x4d3814d4da8083b41861dec2f45b4840e8b72d68.code,300
0x4ba72f0f8dad13709ee28a992869e79d0fe47030.code,300
0xb7ac09c2c0217b07d7c103029b4918a2c401eecb.code,300
0x0622769d566b3c4c1c58ca4fabee8e60bb3163e5.code,300
0xa98ad92a642570b83b369c4eb70efefe638bc895.code,300
0x55c4ec02d22cc26d9dacd5ab5977a62439476e79.code,300
0x0c963a1b52eb97c5e457c7d76696f8b95c3087ed.code,300
0x561c7d8fd30d7e555ac86395af1d6ce67d8268e7.code,300
0xb879da8b24c9b8685de8526cf492e954f165d74b.code,300
0x10c621008b210c3a5d0385e458b48af05bf4ec88.code,300
0x64cfc7428621b2b118896670c0b4d52ab020ee6a.code,300
0x1995854474e89a03cb030c0df73bc3c06f7635c0.code,300
0x521d32f3d23f1fc82b1dbe306edc3ef668e5d973.code,300
0x048717ea892f23fb0126f00640e2b18072efd9d2.code,300
0x50430b6201c9859c91a5590ac71700cc71499a0e.code,300
0xe4bd56cbf537074e3836a1721983107cce9e689f.code,300
0x2cc114bbe7b551d62b15c465c7bdcccd9125b182.code,300
0xd91e45416bfbbec6e2d1ae4ac83b788a21acf583.code,300
0x6074af59a66d7d9babf501910da9da8a11b0d4f8.code,300
0x5ca381bbfb58f0092df149bd3d243b08b9a8386e.code,300
0xa58c4f0e4dddb52d2017c77eac34c73a84cf8af8.code,300
0x560827208eed0ec04254f523cd5373ec1b394683.code,300
0x3e3b311cd6ed7f27432f82a08fbca19141cc0509.code,300
0xfeca834e7da9d437645b474450688da9327112a5.code,300
0x667e3e933ed540613538e5931b6897a07c118d01.code,300
0x069c66319b4faa64f48612d59e5dfc4986814fa9.code,300
0x9bbcb891a20703a4eed2fc824a7eafbaa0e4ea17.code,300
0xb485d89aba096fc9f117fa28b80dc8aac7971049.code,300
0x87c9ea70f72ad55a12bc6155a30e047cf2acd798.code,300
0xa5996f6b731b349e25d7d5f4dd93a5ce9947841f.code,300
0x915044526758533dfb918eceb6e44bc21632060d.code,300
0xe5f166c0d8872b68790061317bb6cca04582c912.code,300
0x3db6ba6ab6f95efed1a6e794cad492faaabf294d.code,300
0x540449e4d172cd9491c76320440cd74933d5691a.code,300
0x81e09530176ea2a2ce9ef6e5073679c085bdcece.code,300
0xdc6c91b569c98f9f6f74d90f9beff99fdaf4248b.code,300
0x167cb3f2446f829eb327344b66e271d1a7efec9a.code,300
0x7995ab36bb307afa6a683c24a25d90dc1ea83566.code,300
0x05fc95c91ef6c3e2d8970cc70c6a16ad550afa7f.code,300
0x8d8812b72d1e4ffcec158d25f56748b7d67c1e78.code,300
0x7bcec0ef877533ab557add0db19f833fdc18181c.code,300
0xd780ae2bf04cd96e577d3d014762f831d97129d0.code,300
0x4f22310c27ef39feaa4a756027896dc382f0b5e2.code,300
0x686e5ac50d9236a9b7406791256e47feddb26aba.code,300
0xf4c27b8b002389864ac214cb13bfeef4cc5c4e8d.code,300
0xf4fe95603881d0e07954fd7605e0e9a916e42c44.code,300
0xfcf685170521a48cde782a8d9524705e8199568b.code,300
0xdd9fd6b6f8f7ea932997992bbe67eabb3e316f3c.code,300
0xa3ee21c306a700e682abcdfe9baa6a08f3820419.code,300
0x4e8ecf79ade5e2c49b9e30d795517a81e0bf00b8.code,300
0x7be8076f4ea4a4ad08075c2508e481d6c946d12b.code,300
0xc7c9b856d33651cc2bcd9e0099efa85f59f78302.code,300
0x2b591e99afe9f32eaa6214f7b7629768c40eeb39.code,300
0xf91d60c576fc809bea7a08d45ee3d6d77fbf5ff7.code,300
0x1c83501478f1320977047008496dacbd60bb15ef.code,300
0x3ad2bfea535bf1673f22de61b19f758a2dd0efff.code,300
0x71c118b00759b0851785642541ceb0f4ceea0bd5.code,300
0xe38165c9f6deb144afc9c32c206b024817e1496d.code,300
0x35ac488b773dac506ee857895ee9dc34b250f313.code,300
0xebf5ffaed443093dbda54eed6dc77f7bba6dc7f2.code,300
0x667061051d70b8b4077adbb107d1d98d05a33a4a.code,300
0x744d70fdbe2ba4cf95131626614a1763df805b9e.code,300
0xa1edc78199a6e56fd52f69cf7c10f67ded15185d.code,300
0x23296ef94cacb9f462f0937e762805d12220c954.code,300
0x457476bc97adef10aba63fcadaefe503553fa0d2.code,300
0x903625318d13a3529fb4309fd57dd8d105fcd39c.code,300
0x763fa6806e1acf68130d2d0f0df754c93cc546b2.code,300
0xece701c76bd00d1c3f96410a0c69ea8dfcf5f34e.code,300
0xdda9bcd985b1169607546b52910a0269dff5baf1.code,300
0x327682779bab2bf4d1337e8974ab9de8275a7ca8.code,300
0x1ce7ae555139c5ef5a57cc8d814a867ee6ee33d8.code,300
0x5edc1a266e8b2c5e8086d373725df0690af7e3ea.code,300
0x8f7dbf90e71285552a687097220e1035c2e87639.code,300
0xbbbbca6a901c926f240b89eacb641d8aec7aeafd.code,300
0x4426d15ad435c156edc1183938ff47b37d3931fb.code,300
0x5f5b176553e51171826d1a62e540bc30422c7717.code,300
0xffe510a92434a0df346c5e72a3494b043cf249eb.code,300
0x938f66735c6b4f99ee51e657d51e86c2847788cb.code,300
0x3e65e1eefde5ea7ccfc9a9a1634abe90f32262f8.code,300
0xd989a04ad891528b571ef73dacaefeb0402a65b3.code,300
0x2fb5d7dda4f1f20f974a0fdd547c38674e8d940c.code,300
0xe5b9746dfcc2ef1054d47a451a77bb5f390c468d.code,300
0x8e087c6924d3f4f3e50d692699f73fef39683d88.code,300
0xdb25f211ab05b1c97d595516f45794528a807ad8.code,300
0xba7435a4b4c747e0101780073eeda872a69bdcd4.code,300
0xc16b542ff490e01fcc0dc58a60e1efdc3e357ca6.code,300
0xf6276830c265a779a2225b9d2fcbab790cbeb92b.code,300
0x2a185c995373a766979e645d0912d30e27aa56f6.code,300
0xd72f60b2e7649bbc5835d25e30ef917f04d9131c.code,300
0x1ed3d2c916cab00631cce4b08a7f880d4badae94.code,300
0xf84c61bb982041c030b8580d1634f00fffb89059.code,300
0x49fddeae0b521dab8d0c4b77e7161094f971320d.code,300
0x172e09691dfbbc035e37c73b62095caa16ee2388.code,300
0x358d12436080a01a16f711014610f8a4c2c2d233.code,300
0x740f8b58f5562c8379f2a8c2230c9be5c03ac3fc.code,300
0x773301b28178f5669f928bd561f3486cb8711ca0.code,300
0x9a2d163ab40f88c625fd475e807bbc3556566f80.code,300
0x0ac10bf0342fa2724e93d250751186ba5b659303.code,300
0x99a46c42689720d9118ff7af7ce80c2a92fc4f97.code,300
0xa3646828ae28cefcfc175efa88ecaa72e5b48cf1.code,300
0x5df18a3c0572b8591084a2c78711be7e3aa711ab.code,300
0x2c702d98d4d7e2af742f071c2038565b1cc07bef.code,300
0xc86a3ac9a4997926631e658e63235ec8b526c97f.code,300
0x3afa1902b1f8a802abc18e5ad982d1bcd34afe22.code,300
0x875eaa41917ced7c1e435272888d23f05098fc97.code,300
0x34d6a0f5c2f5d0082141fe73d93b9dd00ca7ce11.code,300
0xb6232969a6c1f995c802b8ed84265e4f7f92076d.code,300
0xa146240bf2c04005a743032dc0d241ec0bb2ba2b.code,300
0x7d1335af903ff256823c9aa2d4a5aaa41e054335.code,300
0x42a952ac23d020610355cf425d0dfa58295287be.code,300
0xe3e415a7a6c287a95dc68a01ff036828073fd2e6.code,300
0x20bd491fee75b6af6c2100c83b83312d620f2958.code,300
0x57b116da40f21f91aec57329ecb763d29c1b2355.code,300
0x38c87aa89b2b8cd9b95b736e1fa7b612ea972169.code,300
0x68aa3f232da9bdc2343465545794ef3eea5209bd.code,300
0x500df47e1df0ef06039218dcf0960253d89d6658.code,300
0x2fd61567c29e7adb4ca17e60e1f4a3fcfe68acb8.code,300
0x55d34b686aa8c04921397c5807db9ecedba00a4c.code,300
0x672961f0253c69bca9d7f4325e47793d32af3d4b.code,300
0xfa05a73ffe78ef8f1a739473e462c54bae6567d9.code,300
0xd18785571ae7f3b100e5b8788e3827120282f170.code,300
0xc6abf3c09341741ac6041b0b08195701bdfd460c.code,300
0xb3775fb83f7d12a36e0475abdd1fca35c091efbe.code,300
0x4c9d5672ae33522240532206ab45508116daf263.code,300
0x27695e09149adc738a978e9a678f99e4c39e9eb9.code,300
0x6bc1f3a1ae56231dbb64d3e82e070857eae86045.code,300
0x58b7056deb51ed292614f0da1e94e7e9c589828d.code,300
0x54f0e3b0d7ccbb65e56d166350aa86f7e71ce20b.code,300
0x60d988739381d055ba9863154ad8cf2123031f88.code,300
0xc75506deae7c01f47bcd330b324226ce9ba78e30.code,300
0x6ce21e5f5383c95691d243879a86a6025e0870c0.code,300
0xae6733ec673bc211b3f6959dbd5c377e1a439769.code,300
0x7b45a572ea991887a01fd919c05edf1cac79c311.code,300
0x8effd494eb698cc399af6231fccd39e08fd20b15.code,300
0x75b82e97f182240ee5f0e406a047f2ef7e9b27dd.code,300
0x0abdace70d3790235af448c88547603b945604ea.code,300
0x43c21c88995a18856f57d4252be8228a6724dd15.code,300
0x24b6638549f0d857bd76abcb4a3ab20ec65833c7.code,300
0xa4ba60fee8fc18a214140da7a085fff7d2628d2f.code,300
0x79bfd2670b6bb2219d30a6fd0dbf287f2b66633d.code,300
0xb5adb233f28c86cef693451b67e1f2d41da97d21.code,300
0x906b3f8b7845840188eab53c3f5ad348a787752f.code,300
0x61935cbdd02287b511119ddb11aeb42f1593b7ef.code,300
0x0e3a2a1f2146d86a604adc220b4967a898d7fe07.code,300
0x7a30f7736e48d6599356464ba4c150d8da0302ff.code,300
0xb62132e35a6c13ee1ee0f84dc5d40bad8d815206.code,300
0x4927643162fe6d18c7f046b3d155d8da0eee80e8.code,300
0x6d6c3beda37ba83a4962746c43e3a20db46399ec.code,300
0x6ed680055bd5a04c194c954f71019ee90145001c.code,300
0xa1a6f16d26aa53aec17e4001fd8cb6e6d5b17ff7.code,300
0x10fb4ad704871b6880776666c61d14aa075a5992.code,300
0x8b8e088c7ad40d70d0a8183a399c8f9c24b5c8d8.code,300
0x5d4abc77b8405ad177d8ac6682d584ecbfd46cec.code,300
0xa699153e046531b7580da3e59d139fb8844e3f85.code,300
0xbf2179859fc6d5bee9bf9158632dc51678a4100e.code,300
0x9002d4485b7594e3e850f0a206713b305113f69e.code,300
0xe642b6f79041c60d8447679b3a499f18d8b03b81.code,300
0x2a0c0dbecc7e4d658f48e01e3fa353f44050c208.code,300
0x0b84edecb764299ca228e75bbcadd6ebfee91d4e.code,300
0xfc858154c0b2c4a3323046fb505811f110ebda57.code,300
0x23340e240eb31c65c88540971897b0b7794863a1.code,300
0x5d285f735998f36631f678ff41fb56a10a4d0429.code,300
0x2774e7fca96e1c13950d4f0b50e59982bc7be01b.code,300
0x89cf87c35e69a9b84f7a3e50eaf54bfc3cabc377.code,300
0x6d5cac36c1ae39f41d52393b7a425d0a610ad9f2.code,300
0xbc647aad10114b89564c0a7aabe542bd0cf2c5af.code,300
0x5f937f2556fda10f5ebac54a902a93e5e7504c3e.code,300
0xe2b1f189572f1ac311cc676e3a588e0548750e34.code,300
0xf8a4d3a0b5859a24cd1320ba014ab17f623612e2.code,300
0xf239fab41de78533fa974b74d7605f1e68f8772e.code,300
0x63f584fa56e60e4d0fe8802b27c7e6e3b33e007f.code,300
0x7ed172530f9822cd0573b895853e3f745f4108b4.code,300
0xe532a2a37b0707b4306b21b412d2e8c22f9824ec.code,300
0xc12d1c73ee7dc3615ba4e37e4abfdbddfa38907e.code,300
0xd97e471695f73d8186deabc1ab5b8765e667cd96.code,300
0xdf34fb7dae1b3fa37efc2c64bd0026da574b8840.code,300
0x107c4504cd79c5d2696ea0030a8dd4e92601b82e.code,300
0x8f2798d8a77f5d51bd9cccc17a6f0bb537da2506.code,300
0x41a322b28d0ff354040e2cbc676f0320d8c8850d.code,300
0x3a966ffa8451cbf3769b7d1f94d5b47da254edb0.code,300
0x528b165220a26565e00709cbaef7b88fc8600f81.code,300
0x007ac2f589eb9d4fe1cea9f46b5f4f52dab73dd4.code,300
0x4b5bc97407898339eca79b541cee9b8b79ccda40.code,300
0x5f5ff74b198e5095069cf132d2523dbae516613f.code,300
0x097b3b7cb01945ba7e76804ddc2fdda2cce6ef43.code,300
0xc28e860c9132d55a184f9af53fc85e90aa3a0153.code,300
0x602087badcb6ed10cc0dff3301b50d6f1993f3b3.code,300
0xaaf37055188feee4869de63464937e683d61b2a1.code,300
0x19b32a79edfda406b1070a98a11f8bf7170c3a75.code,300
0x448a5065aebb8e423f0896e6c5d525c040f59af3.code,300
0x4e15361fd6b4bb609fa63c81a2be19d873717870.code,300
0xfba664fd0649e70f5e85fc93d19e439cbbf550ad.code,300
0xb4a677b0e363c3815d46326954a4e4d2b1ace357.code,300
0x4aff03b46792ba7f65403a0d96b2fb8ca8d54367.code,300
0xcbeaec699431857fdb4d37addbbdc20e132d4903.code,300
0x1b80eeeadcc590f305945bcc258cfa770bbe1890.code,300
0xc80c5e40220172b36adee2c951f26f2a577810c5.code,300
0x31af195db332bc9203d758c74df5a5c5e597cdb7.code,300
0x2020fe9fa0f43fde44360aae03138c4b6ab35055.code,300
0x8a564f4823c34a8277cd5160de8f45d2042e7ecd.code,300
0x778e763c4a09c74b2de221b4d3c92d8c7f27a038.code,300
0xd4c435f5b09f855c3317c8524cb1f586e42795fa.code,300
0xf19d54ebd001d40642963882e583b75967b8c13c.code,300
0xc2807533832807bf15898778d8a108405e9edfb1.code,300
0x196301b5673714fa91640fe2df34b5c05be7ab19.code,300
0xcb47c89cb17c10b719fc5ed9665bae157cac2cb1.code,300
0x10086399dd8c1e3de736724af52587a2044c9fa2.code,300
0xb8797a4ba7402d8a9ab62c4a12ef8846f1ea9a80.code,300
0x8bcb64bfda77905398b67af0af084c744e777a20.code,300
0x1f0678d1238921dc99309360668b16a17098aa2a.code,300
0xfef5497bc53a69875e02ae5b14eeff668f09a729.code,300
0xb810ad9007e4f2d9aab2e7181a0385d02437ea6e.code,300
0x9600fbd9dd97407c5230a6fb4ce1a1bce388e894.code,300
0x97a89a0286a673ac8cdabbc42e5b2aaae74b09e5.code,300
0x588047365df5ba589f923604aac23d673555c623.code,300
0x177d39ac676ed1c67a2b268ad7f1e58826e5b0af.code,300
0x65ccd72c0813ce6f2703593b633202a0f3ca6a0c.code,300
0x1ef7aa1bd73ea34e76637fadf05a1f2f69fbbdaf.code,300
0xfafae755cbaf09cff8f5b0a0f1e0a4a719a9c32a.code,300
0x58aff91f5b48245bd83deeb2c7d31875f68b3f0d.code,300
0x2bf91c18cd4ae9c2f2858ef9fe518180f7b5096d.code,300
0x661f3361afbbdf2a128ffbcf041d8f6b155dd124.code,300
0xbd73e675e1fa3d60a302c797df5c82e558da7ce1.code,300
0xb1c1cb8c7c1992dba24e628bf7d38e71dad46aeb.code,300
0x663e4229142a27f00bafb5d087e1e730648314c3.code,300
0x46924dc3ca58d1f56c0d8b7788b46018e70ebb1d.code,300
0xfc44ec51c80e35a87bc2140299b1636ec83dfb04.code,300
0xc9bc998d1a9f121ef6695cef5807d1c0083a4f88.code,300
0xfb80bfa19cae9e00f28b0f7e1023109deeb10483.code,300
0xee609fe292128cad03b786dbb9bc2634ccdbe7fc.code,300
0x9ce447d500eb431b2009ab159586da0fe8ccaa87.code,300
0xf4aafbb5e9207cee9c21ab652072a01b045f9939.code,300
0x5995ca61d845e045cd1327a32707a66f7daccf6d.code,300
0x9999998a72a185006f1d17e57d4e586599afb75f.code,300
0x999d332eee57452cf07bceec365fd35ba5c142cb.code,300
0x6f6deb5db0c4994a8283a01d6cfeeb27fc3bbe9c.code,300
0x8dc3bcbb4b506fa2becd065ff4425dee32f156a6.code,300
0xd73be539d6b2076bab83ca6ba62dfe189abc6bbe.code,300
0x41bc5abd1e289e282079810a74cb9beedf5bb308.code,300
0x7c5cb1220bd293ff9cf903915732e51a71292038.code,300
0xc99eb107bccb3600fe503c9f4c7d20d2e65fb800.code,300
0xb84e224216fec19d8631a0ad187326bc48f91b6b.code,300
0xad7195e2f5e4f104cc2ed31cb719efd95b9eb490.code,300
0x881ef48211982d01e2cb7092c915e647cd40d85c.code,300
0xba50933c268f567bdc86e1ac131be072c6b0b71a.code,300
0xce00901a0638d758d6f89d59dfa32120d2259b0c.code,300
0x98ad263a95f1ab1abff41f4d44b07c3240251a0a.code,300
0x68e54af74b22acaccffa04ccaad13be16ed14eac.code,300
