contract,path,length,jcount,reasonedjcount,totalrjcount,iteration,result
access_control.rubixi_sol_Rubixi.hex,"[0, 219, 231, 1276, 1315, 1354, 2921, 2980, 3126, 3162, 3179, 3208, 3225, 3242, 3269]",15,13,0,19,2,True
denial_of_service.list_dos_sol_Government.hex,"[0, 13, 65, 76, 87, 98, 109, 120, 131, 142, 153, 164, 175, 186, 197, 1125, 1137, 3569, 3599, 3612]",20,18,0,26,3,True
bad_randomness.lottery_sol_Lottery.hex,"[0, 13, 65, 76, 151, 163, 546, 639, 644, 657]",10,8,0,3,2,True
unchecked_low_level_calls.0xec329ffc97d75fe03428ae155fc7793431487f63_sol_TokenSender.hex,"[0, 13, 65, 76, 87, 98, 109, 120, 131, 142, 153, 875, 887, 2010, 2101, 2119, 2401, 2411, 2412, 2441, 2446]",21,19,0,19,2,True
bad_randomness.etheraffle_sol_Ethraffle_v4b.hex,"[0, 186, 603, 703, 707, 736, 747, 753]",8,5,0,24,2,True
unchecked_low_level_calls.0x663e4229142a27f00bafb5d087e1e730648314c3_sol_PandaMinting.hex,"[0, 13, 65, 76, 87, 98, 109, 120, 131, 142, 153, 164, 175, 186, 197, 208, 219, 230, 241, 252, 263, 274, 285, 296, 307, 318, 329, 340, 351, 362, 373, 384, 395, 406, 417, 428, 439, 450, 461, 472, 483, 494, 3650, 3662, 12864, 11915, 12884, 12951, 12998, 6886, 13009, 13020, 13029]",53,51,2,207,5,True
bad_randomness.smart_billions_sol_SmartBillions.hex,"[0, 13, 65, 76, 87, 98, 109, 120, 131, 142, 153, 164, 175, 186, 197, 208, 1776, 1788, 11963, 11984, 11998, 12009, 12051, 19006, 19045, 12074, 12076, 12077, 12090]",29,26,1,178,4,True
unchecked_low_level_calls.0x663e4229142a27f00bafb5d087e1e730648314c3_sol_PandaAuction.hex,"[0, 13, 65, 76, 87, 98, 109, 120, 131, 142, 153, 164, 175, 186, 197, 208, 219, 230, 241, 252, 263, 274, 285, 296, 307, 318, 329, 340, 351, 362, 373, 384, 395, 406, 417, 428, 439, 450, 3357, 3369, 12160, 11211, 12180, 12247, 12294, 6441, 12305, 12316, 12325]",49,47,2,158,4,True
unchecked_low_level_calls.0x663e4229142a27f00bafb5d087e1e730648314c3_sol_PandaCore.hex,"[0, 13, 65, 76, 87, 98, 109, 120, 131, 142, 153, 164, 175, 186, 197, 208, 219, 230, 241, 252, 263, 274, 285, 296, 307, 318, 329, 340, 351, 362, 373, 384, 395, 406, 417, 428, 439, 450, 461, 472, 483, 494, 505, 516, 527, 538, 4235, 4247, 14806, 13572, 14826, 14893, 14940, 7913, 14951, 14962, 14971]",57,55,2,214,5,True
